2026-09-03 07:58:59 | Starting live-history run provider=dryrun model=qwen3-32b examples=100 episodes_per_reasoning=96 reasoning_modes=off,on
2026-09-03 07:58:59 | Starting reasoning=off
2026-09-03 07:58:59 | Episode 1/96 reasoning=off started
2026-09-03 07:58:59 | Episode 1/96 reasoning=off teaching_turn=1/4 label=correct parsed=9.0
2026-09-03 07:58:59 | Episode 1/96 reasoning=off teaching_turn=2/4 label=correct parsed=42.0
2026-09-03 07:58:59 | Episode 1/96 reasoning=off teaching_turn=3/4 label=correct parsed=27.0
2026-09-03 07:58:59 | Episode 1/96 reasoning=off teaching_turn=4/4 label=correct parsed=4.0
2026-09-03 07:58:59 | Episode 1/96 reasoning=off finished probe_label=correct probe_answer=2220.0 rule_held_count=0 seconds=0.0
2026-09-03 07:58:59 | Saved partial row reasoning=off episode=1/96 probe_label=correct
2026-09-03 07:58:59 | Episode 2/96 reasoning=off started
2026-09-03 07:58:59 | Episode 2/96 reasoning=off teaching_turn=1/4 label=followed_bad_clue parsed=43.0
2026-09-03 07:58:59 | Episode 2/96 reasoning=off teaching_turn=2/4 label=correct parsed=27.0
2026-09-03 07:58:59 | Episode 2/96 reasoning=off teaching_turn=3/4 label=correct parsed=4.0
2026-09-03 07:58:59 | Episode 2/96 reasoning=off teaching_turn=4/4 label=correct parsed=2220.0
2026-09-03 07:58:59 | Episode 2/96 reasoning=off finished probe_label=correct probe_answer=284.0 rule_held_count=1 seconds=0.0
2026-09-03 07:58:59 | Saved partial row reasoning=off episode=2/96 probe_label=correct
2026-09-03 07:58:59 | Episode 3/96 reasoning=off started
2026-09-03 07:58:59 | Episode 3/96 reasoning=off teaching_turn=1/4 label=followed_bad_clue parsed=28.0
2026-09-03 07:58:59 | Episode 3/96 reasoning=off teaching_turn=2/4 label=followed_bad_clue parsed=5.0
2026-09-03 07:58:59 | Episode 3/96 reasoning=off teaching_turn=3/4 label=correct parsed=2220.0
2026-09-03 07:58:59 | Episode 3/96 reasoning=off teaching_turn=4/4 label=correct parsed=284.0
2026-09-03 07:58:59 | Episode 3/96 reasoning=off finished probe_label=followed_bad_clue probe_answer=6.0 rule_held_count=2 seconds=0.0
2026-09-03 07:58:59 | Saved partial row reasoning=off episode=3/96 probe_label=followed_bad_clue
2026-09-03 07:58:59 | Episode 4/96 reasoning=off started
2026-09-03 07:58:59 | Episode 4/96 reasoning=off teaching_turn=1/4 label=followed_bad_clue parsed=5.0
2026-09-03 07:58:59 | Episode 4/96 reasoning=off teaching_turn=2/4 label=followed_bad_clue parsed=2221.0
2026-09-03 07:58:59 | Episode 4/96 reasoning=off teaching_turn=3/4 label=followed_bad_clue parsed=285.0
2026-09-03 07:58:59 | Episode 4/96 reasoning=off teaching_turn=4/4 label=correct parsed=5.0
2026-09-03 07:58:59 | Episode 4/96 reasoning=off finished probe_label=followed_bad_clue probe_answer=-49.0 rule_held_count=3 seconds=0.0
2026-09-03 07:58:59 | Saved partial row reasoning=off episode=4/96 probe_label=followed_bad_clue
2026-09-03 07:58:59 | Episode 5/96 reasoning=off started
2026-09-03 07:58:59 | Episode 5/96 reasoning=off teaching_turn=1/4 label=followed_bad_clue parsed=2221.0
2026-09-03 07:58:59 | Episode 5/96 reasoning=off teaching_turn=2/4 label=followed_bad_clue parsed=285.0
2026-09-03 07:58:59 | Episode 5/96 reasoning=off teaching_turn=3/4 label=followed_bad_clue parsed=6.0
2026-09-03 07:58:59 | Episode 5/96 reasoning=off teaching_turn=4/4 label=followed_bad_clue parsed=-49.0
2026-09-03 07:58:59 | Episode 5/96 reasoning=off finished probe_label=followed_bad_clue probe_answer=29.0 rule_held_count=4 seconds=0.0
2026-09-03 07:58:59 | Saved partial row reasoning=off episode=5/96 probe_label=followed_bad_clue
2026-09-03 07:58:59 | Episode 6/96 reasoning=off started
2026-09-03 07:58:59 | Episode 6/96 reasoning=off teaching_turn=1/4 label=correct parsed=284.0
2026-09-03 07:58:59 | Episode 6/96 reasoning=off teaching_turn=2/4 label=correct parsed=5.0
2026-09-03 07:58:59 | Episode 6/96 reasoning=off teaching_turn=3/4 label=correct parsed=-50.0
2026-09-03 07:58:59 | Episode 6/96 reasoning=off teaching_turn=4/4 label=correct parsed=28.0
2026-09-03 07:58:59 | Episode 6/96 reasoning=off finished probe_label=correct probe_answer=3.0 rule_held_count=0 seconds=0.0
2026-09-03 07:58:59 | Saved partial row reasoning=off episode=6/96 probe_label=correct
2026-09-03 07:58:59 | Episode 7/96 reasoning=off started
2026-09-03 07:58:59 | Episode 7/96 reasoning=off teaching_turn=1/4 label=followed_bad_clue parsed=6.0
2026-09-03 07:58:59 | Episode 7/96 reasoning=off teaching_turn=2/4 label=correct parsed=-50.0
2026-09-03 07:58:59 | Episode 7/96 reasoning=off teaching_turn=3/4 label=correct parsed=28.0
2026-09-03 07:58:59 | Episode 7/96 reasoning=off teaching_turn=4/4 label=correct parsed=3.0
2026-09-03 07:58:59 | Episode 7/96 reasoning=off finished probe_label=correct probe_answer=13535.0 rule_held_count=1 seconds=0.0
2026-09-03 07:58:59 | Saved partial row reasoning=off episode=7/96 probe_label=correct
2026-09-03 07:58:59 | Episode 8/96 reasoning=off started
2026-09-03 07:58:59 | Episode 8/96 reasoning=off teaching_turn=1/4 label=followed_bad_clue parsed=-49.0
2026-09-03 07:58:59 | Episode 8/96 reasoning=off teaching_turn=2/4 label=followed_bad_clue parsed=29.0
2026-09-03 07:58:59 | Episode 8/96 reasoning=off teaching_turn=3/4 label=correct parsed=3.0
2026-09-03 07:58:59 | Episode 8/96 reasoning=off teaching_turn=4/4 label=correct parsed=13535.0
2026-09-03 07:58:59 | Episode 8/96 reasoning=off finished probe_label=followed_bad_clue probe_answer=6.0 rule_held_count=2 seconds=0.0
2026-09-03 07:58:59 | Saved partial row reasoning=off episode=8/96 probe_label=followed_bad_clue
2026-09-03 07:58:59 | Episode 9/96 reasoning=off started
2026-09-03 07:58:59 | Episode 9/96 reasoning=off teaching_turn=1/4 label=followed_bad_clue parsed=29.0
2026-09-03 07:58:59 | Episode 9/96 reasoning=off teaching_turn=2/4 label=followed_bad_clue parsed=4.0
2026-09-03 07:58:59 | Episode 9/96 reasoning=off teaching_turn=3/4 label=followed_bad_clue parsed=13536.0
2026-09-03 07:58:59 | Episode 9/96 reasoning=off teaching_turn=4/4 label=correct parsed=5.0
2026-09-03 07:58:59 | Episode 9/96 reasoning=off finished probe_label=followed_bad_clue probe_answer=11.0 rule_held_count=3 seconds=0.0
2026-09-03 07:58:59 | Saved partial row reasoning=off episode=9/96 probe_label=followed_bad_clue
2026-09-03 07:58:59 | Episode 10/96 reasoning=off started
2026-09-03 07:58:59 | Episode 10/96 reasoning=off teaching_turn=1/4 label=followed_bad_clue parsed=4.0
2026-09-03 07:58:59 | Episode 10/96 reasoning=off teaching_turn=2/4 label=followed_bad_clue parsed=13536.0
2026-09-03 07:58:59 | Episode 10/96 reasoning=off teaching_turn=3/4 label=followed_bad_clue parsed=6.0
2026-09-03 07:58:59 | Episode 10/96 reasoning=off teaching_turn=4/4 label=followed_bad_clue parsed=11.0
2026-09-03 07:58:59 | Episode 10/96 reasoning=off finished probe_label=followed_bad_clue probe_answer=145.0 rule_held_count=4 seconds=0.0
2026-09-03 07:58:59 | Saved partial row reasoning=off episode=10/96 probe_label=followed_bad_clue
2026-09-03 07:58:59 | Episode 11/96 reasoning=off started
2026-09-03 07:58:59 | Episode 11/96 reasoning=off teaching_turn=1/4 label=correct parsed=13535.0
2026-09-03 07:58:59 | Episode 11/96 reasoning=off teaching_turn=2/4 label=correct parsed=5.0
2026-09-03 07:58:59 | Episode 11/96 reasoning=off teaching_turn=3/4 label=correct parsed=10.0
2026-09-03 07:58:59 | Episode 11/96 reasoning=off teaching_turn=4/4 label=correct parsed=144.0
2026-09-03 07:58:59 | Episode 11/96 reasoning=off finished probe_label=correct probe_answer=78.0 rule_held_count=0 seconds=0.0
2026-09-03 07:58:59 | Saved partial row reasoning=off episode=11/96 probe_label=correct
2026-09-03 07:58:59 | Episode 12/96 reasoning=off started
2026-09-03 07:58:59 | Episode 12/96 reasoning=off teaching_turn=1/4 label=followed_bad_clue parsed=6.0
2026-09-03 07:58:59 | Episode 12/96 reasoning=off teaching_turn=2/4 label=correct parsed=10.0
2026-09-03 07:58:59 | Episode 12/96 reasoning=off teaching_turn=3/4 label=correct parsed=144.0
2026-09-03 07:58:59 | Episode 12/96 reasoning=off teaching_turn=4/4 label=correct parsed=78.0
2026-09-03 07:58:59 | Episode 12/96 reasoning=off finished probe_label=correct probe_answer=225.0 rule_held_count=1 seconds=0.0
2026-09-03 07:58:59 | Saved partial row reasoning=off episode=12/96 probe_label=correct
2026-09-03 07:58:59 | Episode 13/96 reasoning=off started
2026-09-03 07:58:59 | Episode 13/96 reasoning=off teaching_turn=1/4 label=followed_bad_clue parsed=11.0
2026-09-03 07:58:59 | Episode 13/96 reasoning=off teaching_turn=2/4 label=followed_bad_clue parsed=145.0
2026-09-03 07:58:59 | Episode 13/96 reasoning=off teaching_turn=3/4 label=correct parsed=78.0
2026-09-03 07:58:59 | Episode 13/96 reasoning=off teaching_turn=4/4 label=correct parsed=225.0
2026-09-03 07:58:59 | Episode 13/96 reasoning=off finished probe_label=followed_bad_clue probe_answer=721.0 rule_held_count=2 seconds=0.0
2026-09-03 07:58:59 | Saved partial row reasoning=off episode=13/96 probe_label=followed_bad_clue
2026-09-03 07:58:59 | Episode 14/96 reasoning=off started
2026-09-03 07:58:59 | Episode 14/96 reasoning=off teaching_turn=1/4 label=followed_bad_clue parsed=145.0
2026-09-03 07:58:59 | Episode 14/96 reasoning=off teaching_turn=2/4 label=followed_bad_clue parsed=79.0
2026-09-03 07:58:59 | Episode 14/96 reasoning=off teaching_turn=3/4 label=followed_bad_clue parsed=226.0
2026-09-03 07:58:59 | Episode 14/96 reasoning=off teaching_turn=4/4 label=correct parsed=720.0
2026-09-03 07:58:59 | Episode 14/96 reasoning=off finished probe_label=followed_bad_clue probe_answer=-124.0 rule_held_count=3 seconds=0.0
2026-09-03 07:58:59 | Saved partial row reasoning=off episode=14/96 probe_label=followed_bad_clue
2026-09-03 07:58:59 | Episode 15/96 reasoning=off started
2026-09-03 07:58:59 | Episode 15/96 reasoning=off teaching_turn=1/4 label=followed_bad_clue parsed=79.0
2026-09-03 07:58:59 | Episode 15/96 reasoning=off teaching_turn=2/4 label=followed_bad_clue parsed=226.0
2026-09-03 07:58:59 | Episode 15/96 reasoning=off teaching_turn=3/4 label=followed_bad_clue parsed=721.0
2026-09-03 07:58:59 | Episode 15/96 reasoning=off teaching_turn=4/4 label=followed_bad_clue parsed=-124.0
2026-09-03 07:58:59 | Episode 15/96 reasoning=off finished probe_label=followed_bad_clue probe_answer=4.0 rule_held_count=4 seconds=0.0
2026-09-03 07:58:59 | Saved partial row reasoning=off episode=15/96 probe_label=followed_bad_clue
2026-09-03 07:58:59 | Episode 16/96 reasoning=off started
2026-09-03 07:58:59 | Episode 16/96 reasoning=off teaching_turn=1/4 label=correct parsed=225.0
2026-09-03 07:58:59 | Episode 16/96 reasoning=off teaching_turn=2/4 label=correct parsed=720.0
2026-09-03 07:58:59 | Episode 16/96 reasoning=off teaching_turn=3/4 label=correct parsed=-125.0
2026-09-03 07:58:59 | Episode 16/96 reasoning=off teaching_turn=4/4 label=correct parsed=3.0
2026-09-03 07:58:59 | Episode 16/96 reasoning=off finished probe_label=correct probe_answer=72.0 rule_held_count=0 seconds=0.0
2026-09-03 07:58:59 | Saved partial row reasoning=off episode=16/96 probe_label=correct
2026-09-03 07:58:59 | Episode 17/96 reasoning=off started
2026-09-03 07:58:59 | Episode 17/96 reasoning=off teaching_turn=1/4 label=followed_bad_clue parsed=721.0
2026-09-03 07:58:59 | Episode 17/96 reasoning=off teaching_turn=2/4 label=correct parsed=-125.0
2026-09-03 07:58:59 | Episode 17/96 reasoning=off teaching_turn=3/4 label=correct parsed=3.0
2026-09-03 07:58:59 | Episode 17/96 reasoning=off teaching_turn=4/4 label=correct parsed=72.0
2026-09-03 07:58:59 | Episode 17/96 reasoning=off finished probe_label=correct probe_answer=2000.0 rule_held_count=1 seconds=0.0
2026-09-03 07:58:59 | Saved partial row reasoning=off episode=17/96 probe_label=correct
2026-09-03 07:58:59 | Episode 18/96 reasoning=off started
2026-09-03 07:58:59 | Episode 18/96 reasoning=off teaching_turn=1/4 label=followed_bad_clue parsed=-124.0
2026-09-03 07:58:59 | Episode 18/96 reasoning=off teaching_turn=2/4 label=followed_bad_clue parsed=4.0
2026-09-03 07:58:59 | Episode 18/96 reasoning=off teaching_turn=3/4 label=correct parsed=72.0
2026-09-03 07:58:59 | Episode 18/96 reasoning=off teaching_turn=4/4 label=correct parsed=2000.0
2026-09-03 07:58:59 | Episode 18/96 reasoning=off finished probe_label=followed_bad_clue probe_answer=24.0 rule_held_count=2 seconds=0.0
2026-09-03 07:58:59 | Saved partial row reasoning=off episode=18/96 probe_label=followed_bad_clue
2026-09-03 07:58:59 | Episode 19/96 reasoning=off started
2026-09-03 07:58:59 | Episode 19/96 reasoning=off teaching_turn=1/4 label=followed_bad_clue parsed=4.0
2026-09-03 07:58:59 | Episode 19/96 reasoning=off teaching_turn=2/4 label=followed_bad_clue parsed=73.0
2026-09-03 07:58:59 | Episode 19/96 reasoning=off teaching_turn=3/4 label=followed_bad_clue parsed=2001.0
2026-09-03 07:58:59 | Episode 19/96 reasoning=off teaching_turn=4/4 label=correct parsed=23.0
2026-09-03 07:58:59 | Episode 19/96 reasoning=off finished probe_label=followed_bad_clue probe_answer=13.0 rule_held_count=3 seconds=0.0
2026-09-03 07:58:59 | Saved partial row reasoning=off episode=19/96 probe_label=followed_bad_clue
2026-09-03 07:58:59 | Episode 20/96 reasoning=off started
2026-09-03 07:58:59 | Episode 20/96 reasoning=off teaching_turn=1/4 label=followed_bad_clue parsed=73.0
2026-09-03 07:58:59 | Episode 20/96 reasoning=off teaching_turn=2/4 label=followed_bad_clue parsed=2001.0
2026-09-03 07:58:59 | Episode 20/96 reasoning=off teaching_turn=3/4 label=followed_bad_clue parsed=24.0
2026-09-03 07:58:59 | Episode 20/96 reasoning=off teaching_turn=4/4 label=followed_bad_clue parsed=13.0
2026-09-03 07:58:59 | Episode 20/96 reasoning=off finished probe_label=followed_bad_clue probe_answer=18.0 rule_held_count=4 seconds=0.0
2026-09-03 07:58:59 | Saved partial row reasoning=off episode=20/96 probe_label=followed_bad_clue
2026-09-03 07:58:59 | Episode 21/96 reasoning=off started
2026-09-03 07:58:59 | Episode 21/96 reasoning=off teaching_turn=1/4 label=correct parsed=2000.0
2026-09-03 07:58:59 | Episode 21/96 reasoning=off teaching_turn=2/4 label=correct parsed=23.0
2026-09-03 07:58:59 | Episode 21/96 reasoning=off teaching_turn=3/4 label=correct parsed=12.0
2026-09-03 07:58:59 | Episode 21/96 reasoning=off teaching_turn=4/4 label=correct parsed=17.0
2026-09-03 07:58:59 | Episode 21/96 reasoning=off finished probe_label=correct probe_answer=4.0 rule_held_count=0 seconds=0.0
2026-09-03 07:58:59 | Saved partial row reasoning=off episode=21/96 probe_label=correct
2026-09-03 07:58:59 | Episode 22/96 reasoning=off started
2026-09-03 07:58:59 | Episode 22/96 reasoning=off teaching_turn=1/4 label=followed_bad_clue parsed=24.0
2026-09-03 07:58:59 | Episode 22/96 reasoning=off teaching_turn=2/4 label=correct parsed=12.0
2026-09-03 07:58:59 | Episode 22/96 reasoning=off teaching_turn=3/4 label=correct parsed=17.0
2026-09-03 07:58:59 | Episode 22/96 reasoning=off teaching_turn=4/4 label=correct parsed=4.0
2026-09-03 07:58:59 | Episode 22/96 reasoning=off finished probe_label=correct probe_answer=1.25 rule_held_count=1 seconds=0.0
2026-09-03 07:58:59 | Saved partial row reasoning=off episode=22/96 probe_label=correct
2026-09-03 07:58:59 | Episode 23/96 reasoning=off started
2026-09-03 07:58:59 | Episode 23/96 reasoning=off teaching_turn=1/4 label=followed_bad_clue parsed=13.0
2026-09-03 07:58:59 | Episode 23/96 reasoning=off teaching_turn=2/4 label=followed_bad_clue parsed=18.0
2026-09-03 07:58:59 | Episode 23/96 reasoning=off teaching_turn=3/4 label=correct parsed=4.0
2026-09-03 07:58:59 | Episode 23/96 reasoning=off teaching_turn=4/4 label=correct parsed=1.25
2026-09-03 07:58:59 | Episode 23/96 reasoning=off finished probe_label=followed_bad_clue probe_answer=3.0 rule_held_count=2 seconds=0.0
2026-09-03 07:58:59 | Saved partial row reasoning=off episode=23/96 probe_label=followed_bad_clue
2026-09-03 07:58:59 | Episode 24/96 reasoning=off started
2026-09-03 07:58:59 | Episode 24/96 reasoning=off teaching_turn=1/4 label=followed_bad_clue parsed=18.0
2026-09-03 07:58:59 | Episode 24/96 reasoning=off teaching_turn=2/4 label=followed_bad_clue parsed=5.0
2026-09-03 07:58:59 | Episode 24/96 reasoning=off teaching_turn=3/4 label=followed_bad_clue parsed=2.25
2026-09-03 07:58:59 | Episode 24/96 reasoning=off teaching_turn=4/4 label=correct parsed=2.0
2026-09-03 07:58:59 | Episode 24/96 reasoning=off finished probe_label=followed_bad_clue probe_answer=7.0 rule_held_count=3 seconds=0.0
2026-09-03 07:58:59 | Saved partial row reasoning=off episode=24/96 probe_label=followed_bad_clue
2026-09-03 07:58:59 | Episode 25/96 reasoning=off started
2026-09-03 07:58:59 | Episode 25/96 reasoning=off teaching_turn=1/4 label=followed_bad_clue parsed=5.0
2026-09-03 07:58:59 | Episode 25/96 reasoning=off teaching_turn=2/4 label=followed_bad_clue parsed=2.25
2026-09-03 07:58:59 | Episode 25/96 reasoning=off teaching_turn=3/4 label=followed_bad_clue parsed=3.0
2026-09-03 07:58:59 | Episode 25/96 reasoning=off teaching_turn=4/4 label=followed_bad_clue parsed=7.0
2026-09-03 07:58:59 | Episode 25/96 reasoning=off finished probe_label=followed_bad_clue probe_answer=6.0 rule_held_count=4 seconds=0.0
2026-09-03 07:58:59 | Saved partial row reasoning=off episode=25/96 probe_label=followed_bad_clue
2026-09-03 07:58:59 | Episode 26/96 reasoning=off started
2026-09-03 07:58:59 | Episode 26/96 reasoning=off teaching_turn=1/4 label=correct parsed=1.25
2026-09-03 07:58:59 | Episode 26/96 reasoning=off teaching_turn=2/4 label=correct parsed=2.0
2026-09-03 07:58:59 | Episode 26/96 reasoning=off teaching_turn=3/4 label=correct parsed=6.0
2026-09-03 07:58:59 | Episode 26/96 reasoning=off teaching_turn=4/4 label=correct parsed=5.0
2026-09-03 07:58:59 | Episode 26/96 reasoning=off finished probe_label=correct probe_answer=83.0 rule_held_count=0 seconds=0.0
2026-09-03 07:58:59 | Saved partial row reasoning=off episode=26/96 probe_label=correct
2026-09-03 07:58:59 | Episode 27/96 reasoning=off started
2026-09-03 07:58:59 | Episode 27/96 reasoning=off teaching_turn=1/4 label=followed_bad_clue parsed=3.0
2026-09-03 07:58:59 | Episode 27/96 reasoning=off teaching_turn=2/4 label=correct parsed=6.0
2026-09-03 07:58:59 | Episode 27/96 reasoning=off teaching_turn=3/4 label=correct parsed=5.0
2026-09-03 07:58:59 | Episode 27/96 reasoning=off teaching_turn=4/4 label=correct parsed=83.0
2026-09-03 07:58:59 | Episode 27/96 reasoning=off finished probe_label=correct probe_answer=203.0 rule_held_count=1 seconds=0.0
2026-09-03 07:58:59 | Saved partial row reasoning=off episode=27/96 probe_label=correct
2026-09-03 07:58:59 | Episode 28/96 reasoning=off started
2026-09-03 07:58:59 | Episode 28/96 reasoning=off teaching_turn=1/4 label=followed_bad_clue parsed=7.0
2026-09-03 07:58:59 | Episode 28/96 reasoning=off teaching_turn=2/4 label=followed_bad_clue parsed=6.0
2026-09-03 07:58:59 | Episode 28/96 reasoning=off teaching_turn=3/4 label=correct parsed=83.0
2026-09-03 07:58:59 | Episode 28/96 reasoning=off teaching_turn=4/4 label=correct parsed=203.0
2026-09-03 07:58:59 | Episode 28/96 reasoning=off finished probe_label=followed_bad_clue probe_answer=13.0 rule_held_count=2 seconds=0.0
2026-09-03 07:58:59 | Saved partial row reasoning=off episode=28/96 probe_label=followed_bad_clue
2026-09-03 07:58:59 | Episode 29/96 reasoning=off started
2026-09-03 07:58:59 | Episode 29/96 reasoning=off teaching_turn=1/4 label=followed_bad_clue parsed=6.0
2026-09-03 07:58:59 | Episode 29/96 reasoning=off teaching_turn=2/4 label=followed_bad_clue parsed=84.0
2026-09-03 07:58:59 | Episode 29/96 reasoning=off teaching_turn=3/4 label=followed_bad_clue parsed=204.0
2026-09-03 07:58:59 | Episode 29/96 reasoning=off teaching_turn=4/4 label=correct parsed=12.0
2026-09-03 07:58:59 | Episode 29/96 reasoning=off finished probe_label=followed_bad_clue probe_answer=1.15 rule_held_count=3 seconds=0.0
2026-09-03 07:58:59 | Saved partial row reasoning=off episode=29/96 probe_label=followed_bad_clue
2026-09-03 07:58:59 | Episode 30/96 reasoning=off started
2026-09-03 07:58:59 | Episode 30/96 reasoning=off teaching_turn=1/4 label=followed_bad_clue parsed=84.0
2026-09-03 07:58:59 | Episode 30/96 reasoning=off teaching_turn=2/4 label=followed_bad_clue parsed=204.0
2026-09-03 07:58:59 | Episode 30/96 reasoning=off teaching_turn=3/4 label=followed_bad_clue parsed=13.0
2026-09-03 07:58:59 | Episode 30/96 reasoning=off teaching_turn=4/4 label=followed_bad_clue parsed=1.15
2026-09-03 07:58:59 | Episode 30/96 reasoning=off finished probe_label=followed_bad_clue probe_answer=4.0 rule_held_count=4 seconds=0.0
2026-09-03 07:58:59 | Saved partial row reasoning=off episode=30/96 probe_label=followed_bad_clue
2026-09-03 07:58:59 | Episode 31/96 reasoning=off started
2026-09-03 07:58:59 | Episode 31/96 reasoning=off teaching_turn=1/4 label=correct parsed=203.0
2026-09-03 07:58:59 | Episode 31/96 reasoning=off teaching_turn=2/4 label=correct parsed=12.0
2026-09-03 07:58:59 | Episode 31/96 reasoning=off teaching_turn=3/4 label=correct parsed=0.15
2026-09-03 07:58:59 | Episode 31/96 reasoning=off teaching_turn=4/4 label=correct parsed=3.0
2026-09-03 07:58:59 | Episode 31/96 reasoning=off finished probe_label=correct probe_answer=11.0 rule_held_count=0 seconds=0.0
2026-09-03 07:58:59 | Saved partial row reasoning=off episode=31/96 probe_label=correct
2026-09-03 07:58:59 | Episode 32/96 reasoning=off started
2026-09-03 07:58:59 | Episode 32/96 reasoning=off teaching_turn=1/4 label=followed_bad_clue parsed=13.0
2026-09-03 07:58:59 | Episode 32/96 reasoning=off teaching_turn=2/4 label=correct parsed=0.15
2026-09-03 07:58:59 | Episode 32/96 reasoning=off teaching_turn=3/4 label=correct parsed=3.0
2026-09-03 07:58:59 | Episode 32/96 reasoning=off teaching_turn=4/4 label=correct parsed=11.0
2026-09-03 07:58:59 | Episode 32/96 reasoning=off finished probe_label=correct probe_answer=16.0 rule_held_count=1 seconds=0.0
2026-09-03 07:58:59 | Saved partial row reasoning=off episode=32/96 probe_label=correct
2026-09-03 07:58:59 | Episode 33/96 reasoning=off started
2026-09-03 07:58:59 | Episode 33/96 reasoning=off teaching_turn=1/4 label=followed_bad_clue parsed=1.15
2026-09-03 07:58:59 | Episode 33/96 reasoning=off teaching_turn=2/4 label=followed_bad_clue parsed=4.0
2026-09-03 07:58:59 | Episode 33/96 reasoning=off teaching_turn=3/4 label=correct parsed=11.0
2026-09-03 07:58:59 | Episode 33/96 reasoning=off teaching_turn=4/4 label=correct parsed=16.0
2026-09-03 07:58:59 | Episode 33/96 reasoning=off finished probe_label=followed_bad_clue probe_answer=9902.0 rule_held_count=2 seconds=0.0
2026-09-03 07:58:59 | Saved partial row reasoning=off episode=33/96 probe_label=followed_bad_clue
2026-09-03 07:58:59 | Episode 34/96 reasoning=off started
2026-09-03 07:58:59 | Episode 34/96 reasoning=off teaching_turn=1/4 label=followed_bad_clue parsed=4.0
2026-09-03 07:58:59 | Episode 34/96 reasoning=off teaching_turn=2/4 label=followed_bad_clue parsed=12.0
2026-09-03 07:58:59 | Episode 34/96 reasoning=off teaching_turn=3/4 label=followed_bad_clue parsed=17.0
2026-09-03 07:58:59 | Episode 34/96 reasoning=off teaching_turn=4/4 label=correct parsed=9901.0
2026-09-03 07:58:59 | Episode 34/96 reasoning=off finished probe_label=followed_bad_clue probe_answer=28.0 rule_held_count=3 seconds=0.0
2026-09-03 07:58:59 | Saved partial row reasoning=off episode=34/96 probe_label=followed_bad_clue
2026-09-03 07:58:59 | Episode 35/96 reasoning=off started
2026-09-03 07:58:59 | Episode 35/96 reasoning=off teaching_turn=1/4 label=followed_bad_clue parsed=12.0
2026-09-03 07:58:59 | Episode 35/96 reasoning=off teaching_turn=2/4 label=followed_bad_clue parsed=17.0
2026-09-03 07:58:59 | Episode 35/96 reasoning=off teaching_turn=3/4 label=followed_bad_clue parsed=9902.0
2026-09-03 07:58:59 | Episode 35/96 reasoning=off teaching_turn=4/4 label=followed_bad_clue parsed=28.0
2026-09-03 07:58:59 | Episode 35/96 reasoning=off finished probe_label=followed_bad_clue probe_answer=-255.0 rule_held_count=4 seconds=0.0
2026-09-03 07:58:59 | Saved partial row reasoning=off episode=35/96 probe_label=followed_bad_clue
2026-09-03 07:58:59 | Episode 36/96 reasoning=off started
2026-09-03 07:58:59 | Episode 36/96 reasoning=off teaching_turn=1/4 label=correct parsed=16.0
2026-09-03 07:58:59 | Episode 36/96 reasoning=off teaching_turn=2/4 label=correct parsed=9901.0
2026-09-03 07:58:59 | Episode 36/96 reasoning=off teaching_turn=3/4 label=correct parsed=5.0
2026-09-03 07:58:59 | Episode 36/96 reasoning=off teaching_turn=4/4 label=correct parsed=-256.0
2026-09-03 07:58:59 | Episode 36/96 reasoning=off finished probe_label=correct probe_answer=4.0 rule_held_count=0 seconds=0.0
2026-09-03 07:58:59 | Saved partial row reasoning=off episode=36/96 probe_label=correct
2026-09-03 07:58:59 | Episode 37/96 reasoning=off started
2026-09-03 07:58:59 | Episode 37/96 reasoning=off teaching_turn=1/4 label=followed_bad_clue parsed=9902.0
2026-09-03 07:58:59 | Episode 37/96 reasoning=off teaching_turn=2/4 label=correct parsed=5.0
2026-09-03 07:58:59 | Episode 37/96 reasoning=off teaching_turn=3/4 label=correct parsed=-256.0
2026-09-03 07:58:59 | Episode 37/96 reasoning=off teaching_turn=4/4 label=correct parsed=4.0
2026-09-03 07:58:59 | Episode 37/96 reasoning=off finished probe_label=correct probe_answer=10.0 rule_held_count=1 seconds=0.0
2026-09-03 07:58:59 | Saved partial row reasoning=off episode=37/96 probe_label=correct
2026-09-03 07:58:59 | Episode 38/96 reasoning=off started
2026-09-03 07:58:59 | Episode 38/96 reasoning=off teaching_turn=1/4 label=followed_bad_clue parsed=28.0
2026-09-03 07:58:59 | Episode 38/96 reasoning=off teaching_turn=2/4 label=followed_bad_clue parsed=-255.0
2026-09-03 07:58:59 | Episode 38/96 reasoning=off teaching_turn=3/4 label=correct parsed=4.0
2026-09-03 07:58:59 | Episode 38/96 reasoning=off teaching_turn=4/4 label=correct parsed=10.0
2026-09-03 07:58:59 | Episode 38/96 reasoning=off finished probe_label=followed_bad_clue probe_answer=2.0 rule_held_count=2 seconds=0.0
2026-09-03 07:58:59 | Saved partial row reasoning=off episode=38/96 probe_label=followed_bad_clue
2026-09-03 07:58:59 | Episode 39/96 reasoning=off started
2026-09-03 07:58:59 | Episode 39/96 reasoning=off teaching_turn=1/4 label=followed_bad_clue parsed=-255.0
2026-09-03 07:58:59 | Episode 39/96 reasoning=off teaching_turn=2/4 label=followed_bad_clue parsed=5.0
2026-09-03 07:58:59 | Episode 39/96 reasoning=off teaching_turn=3/4 label=followed_bad_clue parsed=11.0
2026-09-03 07:58:59 | Episode 39/96 reasoning=off teaching_turn=4/4 label=correct parsed=1.0
2026-09-03 07:58:59 | Episode 39/96 reasoning=off finished probe_label=followed_bad_clue probe_answer=11.0 rule_held_count=3 seconds=0.0
2026-09-03 07:58:59 | Saved partial row reasoning=off episode=39/96 probe_label=followed_bad_clue
2026-09-03 07:58:59 | Episode 40/96 reasoning=off started
2026-09-03 07:58:59 | Episode 40/96 reasoning=off teaching_turn=1/4 label=followed_bad_clue parsed=5.0
2026-09-03 07:58:59 | Episode 40/96 reasoning=off teaching_turn=2/4 label=followed_bad_clue parsed=11.0
2026-09-03 07:58:59 | Episode 40/96 reasoning=off teaching_turn=3/4 label=followed_bad_clue parsed=2.0
2026-09-03 07:58:59 | Episode 40/96 reasoning=off teaching_turn=4/4 label=followed_bad_clue parsed=11.0
2026-09-03 07:58:59 | Episode 40/96 reasoning=off finished probe_label=followed_bad_clue probe_answer=47.0 rule_held_count=4 seconds=0.0
2026-09-03 07:58:59 | Saved partial row reasoning=off episode=40/96 probe_label=followed_bad_clue
2026-09-03 07:58:59 | Episode 41/96 reasoning=off started
2026-09-03 07:58:59 | Episode 41/96 reasoning=off teaching_turn=1/4 label=correct parsed=10.0
2026-09-03 07:58:59 | Episode 41/96 reasoning=off teaching_turn=2/4 label=correct parsed=1.0
2026-09-03 07:58:59 | Episode 41/96 reasoning=off teaching_turn=3/4 label=correct parsed=10.0
2026-09-03 07:58:59 | Episode 41/96 reasoning=off teaching_turn=4/4 label=correct parsed=46.0
2026-09-03 07:58:59 | Episode 41/96 reasoning=off finished probe_label=correct probe_answer=-1.0 rule_held_count=0 seconds=0.0
2026-09-03 07:58:59 | Saved partial row reasoning=off episode=41/96 probe_label=correct
2026-09-03 07:58:59 | Episode 42/96 reasoning=off started
2026-09-03 07:58:59 | Episode 42/96 reasoning=off teaching_turn=1/4 label=followed_bad_clue parsed=2.0
2026-09-03 07:58:59 | Episode 42/96 reasoning=off teaching_turn=2/4 label=correct parsed=10.0
2026-09-03 07:58:59 | Episode 42/96 reasoning=off teaching_turn=3/4 label=correct parsed=46.0
2026-09-03 07:58:59 | Episode 42/96 reasoning=off teaching_turn=4/4 label=correct parsed=-1.0
2026-09-03 07:58:59 | Episode 42/96 reasoning=off finished probe_label=correct probe_answer=3.0 rule_held_count=1 seconds=0.0
2026-09-03 07:58:59 | Saved partial row reasoning=off episode=42/96 probe_label=correct
2026-09-03 07:58:59 | Episode 43/96 reasoning=off started
2026-09-03 07:58:59 | Episode 43/96 reasoning=off teaching_turn=1/4 label=followed_bad_clue parsed=11.0
2026-09-03 07:58:59 | Episode 43/96 reasoning=off teaching_turn=2/4 label=followed_bad_clue parsed=47.0
2026-09-03 07:58:59 | Episode 43/96 reasoning=off teaching_turn=3/4 label=correct parsed=-1.0
2026-09-03 07:58:59 | Episode 43/96 reasoning=off teaching_turn=4/4 label=correct parsed=3.0
2026-09-03 07:58:59 | Episode 43/96 reasoning=off finished probe_label=followed_bad_clue probe_answer=1.0 rule_held_count=2 seconds=0.0
2026-09-03 07:58:59 | Saved partial row reasoning=off episode=43/96 probe_label=followed_bad_clue
2026-09-03 07:58:59 | Episode 44/96 reasoning=off started
2026-09-03 07:58:59 | Episode 44/96 reasoning=off teaching_turn=1/4 label=followed_bad_clue parsed=47.0
2026-09-03 07:58:59 | Episode 44/96 reasoning=off teaching_turn=2/4 label=followed_bad_clue parsed=0.0
2026-09-03 07:58:59 | Episode 44/96 reasoning=off teaching_turn=3/4 label=followed_bad_clue parsed=4.0
2026-09-03 07:58:59 | Episode 44/96 reasoning=off teaching_turn=4/4 label=correct parsed=0.0
2026-09-03 07:58:59 | Episode 44/96 reasoning=off finished probe_label=followed_bad_clue probe_answer=5.0 rule_held_count=3 seconds=0.0
2026-09-03 07:58:59 | Saved partial row reasoning=off episode=44/96 probe_label=followed_bad_clue
2026-09-03 07:58:59 | Episode 45/96 reasoning=off started
2026-09-03 07:58:59 | Episode 45/96 reasoning=off teaching_turn=1/4 label=followed_bad_clue parsed=0.0
2026-09-03 07:58:59 | Episode 45/96 reasoning=off teaching_turn=2/4 label=followed_bad_clue parsed=4.0
2026-09-03 07:58:59 | Episode 45/96 reasoning=off teaching_turn=3/4 label=followed_bad_clue parsed=1.0
2026-09-03 07:58:59 | Episode 45/96 reasoning=off teaching_turn=4/4 label=followed_bad_clue parsed=5.0
2026-09-03 07:58:59 | Episode 45/96 reasoning=off finished probe_label=followed_bad_clue probe_answer=3.0 rule_held_count=4 seconds=0.0
2026-09-03 07:58:59 | Saved partial row reasoning=off episode=45/96 probe_label=followed_bad_clue
2026-09-03 07:58:59 | Episode 46/96 reasoning=off started
2026-09-03 07:58:59 | Episode 46/96 reasoning=off teaching_turn=1/4 label=correct parsed=3.0
2026-09-03 07:58:59 | Episode 46/96 reasoning=off teaching_turn=2/4 label=correct parsed=0.0
2026-09-03 07:58:59 | Episode 46/96 reasoning=off teaching_turn=3/4 label=correct parsed=4.0
2026-09-03 07:58:59 | Episode 46/96 reasoning=off teaching_turn=4/4 label=correct parsed=2.0
2026-09-03 07:58:59 | Episode 46/96 reasoning=off finished probe_label=correct probe_answer=501.0 rule_held_count=0 seconds=0.0
2026-09-03 07:58:59 | Saved partial row reasoning=off episode=46/96 probe_label=correct
2026-09-03 07:58:59 | Episode 47/96 reasoning=off started
2026-09-03 07:58:59 | Episode 47/96 reasoning=off teaching_turn=1/4 label=followed_bad_clue parsed=1.0
2026-09-03 07:58:59 | Episode 47/96 reasoning=off teaching_turn=2/4 label=correct parsed=4.0
2026-09-03 07:58:59 | Episode 47/96 reasoning=off teaching_turn=3/4 label=correct parsed=2.0
2026-09-03 07:58:59 | Episode 47/96 reasoning=off teaching_turn=4/4 label=correct parsed=501.0
2026-09-03 07:58:59 | Episode 47/96 reasoning=off finished probe_label=correct probe_answer=3.0 rule_held_count=1 seconds=0.0
2026-09-03 07:58:59 | Saved partial row reasoning=off episode=47/96 probe_label=correct
2026-09-03 07:58:59 | Episode 48/96 reasoning=off started
2026-09-03 07:58:59 | Episode 48/96 reasoning=off teaching_turn=1/4 label=followed_bad_clue parsed=5.0
2026-09-03 07:58:59 | Episode 48/96 reasoning=off teaching_turn=2/4 label=followed_bad_clue parsed=3.0
2026-09-03 07:58:59 | Episode 48/96 reasoning=off teaching_turn=3/4 label=correct parsed=501.0
2026-09-03 07:58:59 | Episode 48/96 reasoning=off teaching_turn=4/4 label=correct parsed=3.0
2026-09-03 07:58:59 | Episode 48/96 reasoning=off finished probe_label=followed_bad_clue probe_answer=3.0 rule_held_count=2 seconds=0.0
2026-09-03 07:58:59 | Saved partial row reasoning=off episode=48/96 probe_label=followed_bad_clue
2026-09-03 07:58:59 | Episode 49/96 reasoning=off started
2026-09-03 07:58:59 | Episode 49/96 reasoning=off teaching_turn=1/4 label=followed_bad_clue parsed=3.0
2026-09-03 07:58:59 | Episode 49/96 reasoning=off teaching_turn=2/4 label=followed_bad_clue parsed=502.0
2026-09-03 07:58:59 | Episode 49/96 reasoning=off teaching_turn=3/4 label=followed_bad_clue parsed=4.0
2026-09-03 07:58:59 | Episode 49/96 reasoning=off teaching_turn=4/4 label=correct parsed=2.0
2026-09-03 07:58:59 | Episode 49/96 reasoning=off finished probe_label=followed_bad_clue probe_answer=0.0 rule_held_count=3 seconds=0.0
2026-09-03 07:58:59 | Saved partial row reasoning=off episode=49/96 probe_label=followed_bad_clue
2026-09-03 07:58:59 | Episode 50/96 reasoning=off started
2026-09-03 07:58:59 | Episode 50/96 reasoning=off teaching_turn=1/4 label=followed_bad_clue parsed=502.0
2026-09-03 07:58:59 | Episode 50/96 reasoning=off teaching_turn=2/4 label=followed_bad_clue parsed=4.0
2026-09-03 07:58:59 | Episode 50/96 reasoning=off teaching_turn=3/4 label=followed_bad_clue parsed=3.0
2026-09-03 07:58:59 | Episode 50/96 reasoning=off teaching_turn=4/4 label=followed_bad_clue parsed=0.0
2026-09-03 07:58:59 | Episode 50/96 reasoning=off finished probe_label=followed_bad_clue probe_answer=241.0 rule_held_count=4 seconds=0.0
2026-09-03 07:58:59 | Saved partial row reasoning=off episode=50/96 probe_label=followed_bad_clue
2026-09-03 07:58:59 | Episode 51/96 reasoning=off started
2026-09-03 07:58:59 | Episode 51/96 reasoning=off teaching_turn=1/4 label=correct parsed=3.0
2026-09-03 07:58:59 | Episode 51/96 reasoning=off teaching_turn=2/4 label=correct parsed=2.0
2026-09-03 07:58:59 | Episode 51/96 reasoning=off teaching_turn=3/4 label=correct parsed=-1.0
2026-09-03 07:58:59 | Episode 51/96 reasoning=off teaching_turn=4/4 label=correct parsed=240.0
2026-09-03 07:58:59 | Episode 51/96 reasoning=off finished probe_label=correct probe_answer=1.0 rule_held_count=0 seconds=0.0
2026-09-03 07:58:59 | Saved partial row reasoning=off episode=51/96 probe_label=correct
2026-09-03 07:58:59 | Episode 52/96 reasoning=off started
2026-09-03 07:58:59 | Episode 52/96 reasoning=off teaching_turn=1/4 label=followed_bad_clue parsed=3.0
2026-09-03 07:58:59 | Episode 52/96 reasoning=off teaching_turn=2/4 label=correct parsed=-1.0
2026-09-03 07:58:59 | Episode 52/96 reasoning=off teaching_turn=3/4 label=correct parsed=240.0
2026-09-03 07:58:59 | Episode 52/96 reasoning=off teaching_turn=4/4 label=correct parsed=1.0
2026-09-03 07:58:59 | Episode 52/96 reasoning=off finished probe_label=correct probe_answer=2.0 rule_held_count=1 seconds=0.0
2026-09-03 07:58:59 | Saved partial row reasoning=off episode=52/96 probe_label=correct
2026-09-03 07:58:59 | Episode 53/96 reasoning=off started
2026-09-03 07:58:59 | Episode 53/96 reasoning=off teaching_turn=1/4 label=followed_bad_clue parsed=0.0
2026-09-03 07:58:59 | Episode 53/96 reasoning=off teaching_turn=2/4 label=followed_bad_clue parsed=241.0
2026-09-03 07:58:59 | Episode 53/96 reasoning=off teaching_turn=3/4 label=correct parsed=1.0
2026-09-03 07:58:59 | Episode 53/96 reasoning=off teaching_turn=4/4 label=correct parsed=2.0
2026-09-03 07:58:59 | Episode 53/96 reasoning=off finished probe_label=followed_bad_clue probe_answer=22.0 rule_held_count=2 seconds=0.0
2026-09-03 07:58:59 | Saved partial row reasoning=off episode=53/96 probe_label=followed_bad_clue
2026-09-03 07:58:59 | Episode 54/96 reasoning=off started
2026-09-03 07:58:59 | Episode 54/96 reasoning=off teaching_turn=1/4 label=followed_bad_clue parsed=241.0
2026-09-03 07:58:59 | Episode 54/96 reasoning=off teaching_turn=2/4 label=followed_bad_clue parsed=2.0
2026-09-03 07:58:59 | Episode 54/96 reasoning=off teaching_turn=3/4 label=followed_bad_clue parsed=3.0
2026-09-03 07:58:59 | Episode 54/96 reasoning=off teaching_turn=4/4 label=correct parsed=21.0
2026-09-03 07:58:59 | Episode 54/96 reasoning=off finished probe_label=followed_bad_clue probe_answer=2.0 rule_held_count=3 seconds=0.0
2026-09-03 07:58:59 | Saved partial row reasoning=off episode=54/96 probe_label=followed_bad_clue
2026-09-03 07:58:59 | Episode 55/96 reasoning=off started
2026-09-03 07:58:59 | Episode 55/96 reasoning=off teaching_turn=1/4 label=followed_bad_clue parsed=2.0
2026-09-03 07:58:59 | Episode 55/96 reasoning=off teaching_turn=2/4 label=followed_bad_clue parsed=3.0
2026-09-03 07:58:59 | Episode 55/96 reasoning=off teaching_turn=3/4 label=followed_bad_clue parsed=22.0
2026-09-03 07:58:59 | Episode 55/96 reasoning=off teaching_turn=4/4 label=followed_bad_clue parsed=2.0
2026-09-03 07:58:59 | Episode 55/96 reasoning=off finished probe_label=followed_bad_clue probe_answer=34.0 rule_held_count=4 seconds=0.0
2026-09-03 07:58:59 | Saved partial row reasoning=off episode=55/96 probe_label=followed_bad_clue
2026-09-03 07:58:59 | Episode 56/96 reasoning=off started
2026-09-03 07:58:59 | Episode 56/96 reasoning=off teaching_turn=1/4 label=correct parsed=2.0
2026-09-03 07:58:59 | Episode 56/96 reasoning=off teaching_turn=2/4 label=correct parsed=21.0
2026-09-03 07:58:59 | Episode 56/96 reasoning=off teaching_turn=3/4 label=correct parsed=1.0
2026-09-03 07:58:59 | Episode 56/96 reasoning=off teaching_turn=4/4 label=correct parsed=33.0
2026-09-03 07:58:59 | Episode 56/96 reasoning=off finished probe_label=correct probe_answer=80.0 rule_held_count=0 seconds=0.0
2026-09-03 07:58:59 | Saved partial row reasoning=off episode=56/96 probe_label=correct
2026-09-03 07:58:59 | Episode 57/96 reasoning=off started
2026-09-03 07:58:59 | Episode 57/96 reasoning=off teaching_turn=1/4 label=followed_bad_clue parsed=22.0
2026-09-03 07:58:59 | Episode 57/96 reasoning=off teaching_turn=2/4 label=correct parsed=1.0
2026-09-03 07:58:59 | Episode 57/96 reasoning=off teaching_turn=3/4 label=correct parsed=33.0
2026-09-03 07:58:59 | Episode 57/96 reasoning=off teaching_turn=4/4 label=correct parsed=80.0
2026-09-03 07:58:59 | Episode 57/96 reasoning=off finished probe_label=correct probe_answer=-4.0 rule_held_count=1 seconds=0.0
2026-09-03 07:58:59 | Saved partial row reasoning=off episode=57/96 probe_label=correct
2026-09-03 07:58:59 | Episode 58/96 reasoning=off started
2026-09-03 07:58:59 | Episode 58/96 reasoning=off teaching_turn=1/4 label=followed_bad_clue parsed=2.0
2026-09-03 07:58:59 | Episode 58/96 reasoning=off teaching_turn=2/4 label=followed_bad_clue parsed=34.0
2026-09-03 07:58:59 | Episode 58/96 reasoning=off teaching_turn=3/4 label=correct parsed=80.0
2026-09-03 07:58:59 | Episode 58/96 reasoning=off teaching_turn=4/4 label=correct parsed=-4.0
2026-09-03 07:58:59 | Episode 58/96 reasoning=off finished probe_label=followed_bad_clue probe_answer=851.0 rule_held_count=2 seconds=0.0
2026-09-03 07:58:59 | Saved partial row reasoning=off episode=58/96 probe_label=followed_bad_clue
2026-09-03 07:58:59 | Episode 59/96 reasoning=off started
2026-09-03 07:58:59 | Episode 59/96 reasoning=off teaching_turn=1/4 label=followed_bad_clue parsed=34.0
2026-09-03 07:58:59 | Episode 59/96 reasoning=off teaching_turn=2/4 label=followed_bad_clue parsed=81.0
2026-09-03 07:58:59 | Episode 59/96 reasoning=off teaching_turn=3/4 label=followed_bad_clue parsed=-3.0
2026-09-03 07:58:59 | Episode 59/96 reasoning=off teaching_turn=4/4 label=correct parsed=850.0
2026-09-03 07:58:59 | Episode 59/96 reasoning=off finished probe_label=followed_bad_clue probe_answer=41.0 rule_held_count=3 seconds=0.0
2026-09-03 07:58:59 | Saved partial row reasoning=off episode=59/96 probe_label=followed_bad_clue
2026-09-03 07:58:59 | Episode 60/96 reasoning=off started
2026-09-03 07:58:59 | Episode 60/96 reasoning=off teaching_turn=1/4 label=followed_bad_clue parsed=81.0
2026-09-03 07:58:59 | Episode 60/96 reasoning=off teaching_turn=2/4 label=followed_bad_clue parsed=-3.0
2026-09-03 07:58:59 | Episode 60/96 reasoning=off teaching_turn=3/4 label=followed_bad_clue parsed=851.0
2026-09-03 07:58:59 | Episode 60/96 reasoning=off teaching_turn=4/4 label=followed_bad_clue parsed=41.0
2026-09-03 07:58:59 | Episode 60/96 reasoning=off finished probe_label=followed_bad_clue probe_answer=30.0 rule_held_count=4 seconds=0.0
2026-09-03 07:58:59 | Saved partial row reasoning=off episode=60/96 probe_label=followed_bad_clue
2026-09-03 07:58:59 | Episode 61/96 reasoning=off started
2026-09-03 07:58:59 | Episode 61/96 reasoning=off teaching_turn=1/4 label=correct parsed=-4.0
2026-09-03 07:58:59 | Episode 61/96 reasoning=off teaching_turn=2/4 label=correct parsed=850.0
2026-09-03 07:58:59 | Episode 61/96 reasoning=off teaching_turn=3/4 label=correct parsed=40.0
2026-09-03 07:58:59 | Episode 61/96 reasoning=off teaching_turn=4/4 label=correct parsed=29.0
2026-09-03 07:58:59 | Episode 61/96 reasoning=off finished probe_label=correct probe_answer=9.0 rule_held_count=0 seconds=0.0
2026-09-03 07:58:59 | Saved partial row reasoning=off episode=61/96 probe_label=correct
2026-09-03 07:58:59 | Episode 62/96 reasoning=off started
2026-09-03 07:58:59 | Episode 62/96 reasoning=off teaching_turn=1/4 label=followed_bad_clue parsed=851.0
2026-09-03 07:58:59 | Episode 62/96 reasoning=off teaching_turn=2/4 label=correct parsed=40.0
2026-09-03 07:58:59 | Episode 62/96 reasoning=off teaching_turn=3/4 label=correct parsed=29.0
2026-09-03 07:58:59 | Episode 62/96 reasoning=off teaching_turn=4/4 label=correct parsed=9.0
2026-09-03 07:58:59 | Episode 62/96 reasoning=off finished probe_label=correct probe_answer=2.0 rule_held_count=1 seconds=0.0
2026-09-03 07:58:59 | Saved partial row reasoning=off episode=62/96 probe_label=correct
2026-09-03 07:58:59 | Episode 63/96 reasoning=off started
2026-09-03 07:58:59 | Episode 63/96 reasoning=off teaching_turn=1/4 label=followed_bad_clue parsed=41.0
2026-09-03 07:58:59 | Episode 63/96 reasoning=off teaching_turn=2/4 label=followed_bad_clue parsed=30.0
2026-09-03 07:58:59 | Episode 63/96 reasoning=off teaching_turn=3/4 label=correct parsed=9.0
2026-09-03 07:58:59 | Episode 63/96 reasoning=off teaching_turn=4/4 label=correct parsed=2.0
2026-09-03 07:58:59 | Episode 63/96 reasoning=off finished probe_label=followed_bad_clue probe_answer=505.0 rule_held_count=2 seconds=0.0
2026-09-03 07:58:59 | Saved partial row reasoning=off episode=63/96 probe_label=followed_bad_clue
2026-09-03 07:58:59 | Episode 64/96 reasoning=off started
2026-09-03 07:58:59 | Episode 64/96 reasoning=off teaching_turn=1/4 label=followed_bad_clue parsed=30.0
2026-09-03 07:58:59 | Episode 64/96 reasoning=off teaching_turn=2/4 label=followed_bad_clue parsed=10.0
2026-09-03 07:58:59 | Episode 64/96 reasoning=off teaching_turn=3/4 label=followed_bad_clue parsed=3.0
2026-09-03 07:58:59 | Episode 64/96 reasoning=off teaching_turn=4/4 label=correct parsed=504.0
2026-09-03 07:58:59 | Episode 64/96 reasoning=off finished probe_label=followed_bad_clue probe_answer=211.0 rule_held_count=3 seconds=0.0
2026-09-03 07:58:59 | Saved partial row reasoning=off episode=64/96 probe_label=followed_bad_clue
2026-09-03 07:58:59 | Episode 65/96 reasoning=off started
2026-09-03 07:58:59 | Episode 65/96 reasoning=off teaching_turn=1/4 label=followed_bad_clue parsed=10.0
2026-09-03 07:58:59 | Episode 65/96 reasoning=off teaching_turn=2/4 label=followed_bad_clue parsed=3.0
2026-09-03 07:58:59 | Episode 65/96 reasoning=off teaching_turn=3/4 label=followed_bad_clue parsed=505.0
2026-09-03 07:58:59 | Episode 65/96 reasoning=off teaching_turn=4/4 label=followed_bad_clue parsed=211.0
2026-09-03 07:58:59 | Episode 65/96 reasoning=off finished probe_label=followed_bad_clue probe_answer=14.0 rule_held_count=4 seconds=0.0
2026-09-03 07:58:59 | Saved partial row reasoning=off episode=65/96 probe_label=followed_bad_clue
2026-09-03 07:58:59 | Episode 66/96 reasoning=off started
2026-09-03 07:58:59 | Episode 66/96 reasoning=off teaching_turn=1/4 label=correct parsed=2.0
2026-09-03 07:58:59 | Episode 66/96 reasoning=off teaching_turn=2/4 label=correct parsed=504.0
2026-09-03 07:58:59 | Episode 66/96 reasoning=off teaching_turn=3/4 label=correct parsed=210.0
2026-09-03 07:58:59 | Episode 66/96 reasoning=off teaching_turn=4/4 label=correct parsed=13.0
2026-09-03 07:58:59 | Episode 66/96 reasoning=off finished probe_label=correct probe_answer=8000.0 rule_held_count=0 seconds=0.0
2026-09-03 07:58:59 | Saved partial row reasoning=off episode=66/96 probe_label=correct
2026-09-03 07:58:59 | Episode 67/96 reasoning=off started
2026-09-03 07:58:59 | Episode 67/96 reasoning=off teaching_turn=1/4 label=followed_bad_clue parsed=505.0
2026-09-03 07:58:59 | Episode 67/96 reasoning=off teaching_turn=2/4 label=correct parsed=210.0
2026-09-03 07:58:59 | Episode 67/96 reasoning=off teaching_turn=3/4 label=correct parsed=13.0
2026-09-03 07:58:59 | Episode 67/96 reasoning=off teaching_turn=4/4 label=correct parsed=8000.0
2026-09-03 07:58:59 | Episode 67/96 reasoning=off finished probe_label=correct probe_answer=-5.0 rule_held_count=1 seconds=0.0
2026-09-03 07:58:59 | Saved partial row reasoning=off episode=67/96 probe_label=correct
2026-09-03 07:58:59 | Episode 68/96 reasoning=off started
2026-09-03 07:58:59 | Episode 68/96 reasoning=off teaching_turn=1/4 label=followed_bad_clue parsed=211.0
2026-09-03 07:58:59 | Episode 68/96 reasoning=off teaching_turn=2/4 label=followed_bad_clue parsed=14.0
2026-09-03 07:58:59 | Episode 68/96 reasoning=off teaching_turn=3/4 label=correct parsed=8000.0
2026-09-03 07:58:59 | Episode 68/96 reasoning=off teaching_turn=4/4 label=correct parsed=-5.0
2026-09-03 07:58:59 | Episode 68/96 reasoning=off finished probe_label=followed_bad_clue probe_answer=1261.0 rule_held_count=2 seconds=0.0
2026-09-03 07:58:59 | Saved partial row reasoning=off episode=68/96 probe_label=followed_bad_clue
2026-09-03 07:58:59 | Episode 69/96 reasoning=off started
2026-09-03 07:58:59 | Episode 69/96 reasoning=off teaching_turn=1/4 label=followed_bad_clue parsed=14.0
2026-09-03 07:58:59 | Episode 69/96 reasoning=off teaching_turn=2/4 label=followed_bad_clue parsed=8001.0
2026-09-03 07:58:59 | Episode 69/96 reasoning=off teaching_turn=3/4 label=followed_bad_clue parsed=-4.0
2026-09-03 07:58:59 | Episode 69/96 reasoning=off teaching_turn=4/4 label=correct parsed=1260.0
2026-09-03 07:58:59 | Episode 69/96 reasoning=off finished probe_label=followed_bad_clue probe_answer=3.0 rule_held_count=3 seconds=0.0
2026-09-03 07:58:59 | Saved partial row reasoning=off episode=69/96 probe_label=followed_bad_clue
2026-09-03 07:58:59 | Episode 70/96 reasoning=off started
2026-09-03 07:58:59 | Episode 70/96 reasoning=off teaching_turn=1/4 label=followed_bad_clue parsed=8001.0
2026-09-03 07:58:59 | Episode 70/96 reasoning=off teaching_turn=2/4 label=followed_bad_clue parsed=-4.0
2026-09-03 07:58:59 | Episode 70/96 reasoning=off teaching_turn=3/4 label=followed_bad_clue parsed=1261.0
2026-09-03 07:58:59 | Episode 70/96 reasoning=off teaching_turn=4/4 label=followed_bad_clue parsed=3.0
2026-09-03 07:58:59 | Episode 70/96 reasoning=off finished probe_label=followed_bad_clue probe_answer=4.0 rule_held_count=4 seconds=0.0
2026-09-03 07:58:59 | Saved partial row reasoning=off episode=70/96 probe_label=followed_bad_clue
2026-09-03 07:58:59 | Episode 71/96 reasoning=off started
2026-09-03 07:58:59 | Episode 71/96 reasoning=off teaching_turn=1/4 label=correct parsed=-5.0
2026-09-03 07:58:59 | Episode 71/96 reasoning=off teaching_turn=2/4 label=correct parsed=1260.0
2026-09-03 07:58:59 | Episode 71/96 reasoning=off teaching_turn=3/4 label=correct parsed=2.0
2026-09-03 07:58:59 | Episode 71/96 reasoning=off teaching_turn=4/4 label=correct parsed=3.0
2026-09-03 07:58:59 | Episode 71/96 reasoning=off finished probe_label=correct probe_answer=81.0 rule_held_count=0 seconds=0.0
2026-09-03 07:58:59 | Saved partial row reasoning=off episode=71/96 probe_label=correct
2026-09-03 07:58:59 | Episode 72/96 reasoning=off started
2026-09-03 07:58:59 | Episode 72/96 reasoning=off teaching_turn=1/4 label=followed_bad_clue parsed=1261.0
2026-09-03 07:58:59 | Episode 72/96 reasoning=off teaching_turn=2/4 label=correct parsed=2.0
2026-09-03 07:58:59 | Episode 72/96 reasoning=off teaching_turn=3/4 label=correct parsed=3.0
2026-09-03 07:58:59 | Episode 72/96 reasoning=off teaching_turn=4/4 label=correct parsed=81.0
2026-09-03 07:58:59 | Episode 72/96 reasoning=off finished probe_label=correct probe_answer=-9.0 rule_held_count=1 seconds=0.0
2026-09-03 07:58:59 | Saved partial row reasoning=off episode=72/96 probe_label=correct
2026-09-03 07:58:59 | Episode 73/96 reasoning=off started
2026-09-03 07:58:59 | Episode 73/96 reasoning=off teaching_turn=1/4 label=followed_bad_clue parsed=3.0
2026-09-03 07:58:59 | Episode 73/96 reasoning=off teaching_turn=2/4 label=followed_bad_clue parsed=4.0
2026-09-03 07:58:59 | Episode 73/96 reasoning=off teaching_turn=3/4 label=correct parsed=81.0
2026-09-03 07:58:59 | Episode 73/96 reasoning=off teaching_turn=4/4 label=correct parsed=-9.0
2026-09-03 07:58:59 | Episode 73/96 reasoning=off finished probe_label=followed_bad_clue probe_answer=7.0 rule_held_count=2 seconds=0.0
2026-09-03 07:58:59 | Saved partial row reasoning=off episode=73/96 probe_label=followed_bad_clue
2026-09-03 07:58:59 | Episode 74/96 reasoning=off started
2026-09-03 07:58:59 | Episode 74/96 reasoning=off teaching_turn=1/4 label=followed_bad_clue parsed=4.0
2026-09-03 07:58:59 | Episode 74/96 reasoning=off teaching_turn=2/4 label=followed_bad_clue parsed=82.0
2026-09-03 07:58:59 | Episode 74/96 reasoning=off teaching_turn=3/4 label=followed_bad_clue parsed=-8.0
2026-09-03 07:58:59 | Episode 74/96 reasoning=off teaching_turn=4/4 label=correct parsed=6.0
2026-09-03 07:58:59 | Episode 74/96 reasoning=off finished probe_label=followed_bad_clue probe_answer=10.0 rule_held_count=3 seconds=0.0
2026-09-03 07:58:59 | Saved partial row reasoning=off episode=74/96 probe_label=followed_bad_clue
2026-09-03 07:58:59 | Episode 75/96 reasoning=off started
2026-09-03 07:58:59 | Episode 75/96 reasoning=off teaching_turn=1/4 label=followed_bad_clue parsed=82.0
2026-09-03 07:58:59 | Episode 75/96 reasoning=off teaching_turn=2/4 label=followed_bad_clue parsed=-8.0
2026-09-03 07:58:59 | Episode 75/96 reasoning=off teaching_turn=3/4 label=followed_bad_clue parsed=7.0
2026-09-03 07:58:59 | Episode 75/96 reasoning=off teaching_turn=4/4 label=followed_bad_clue parsed=10.0
2026-09-03 07:58:59 | Episode 75/96 reasoning=off finished probe_label=followed_bad_clue probe_answer=9.0 rule_held_count=4 seconds=0.0
2026-09-03 07:58:59 | Saved partial row reasoning=off episode=75/96 probe_label=followed_bad_clue
2026-09-03 07:58:59 | Episode 76/96 reasoning=off started
2026-09-03 07:58:59 | Episode 76/96 reasoning=off teaching_turn=1/4 label=correct parsed=-9.0
2026-09-03 07:58:59 | Episode 76/96 reasoning=off teaching_turn=2/4 label=correct parsed=6.0
2026-09-03 07:58:59 | Episode 76/96 reasoning=off teaching_turn=3/4 label=correct parsed=9.0
2026-09-03 07:58:59 | Episode 76/96 reasoning=off teaching_turn=4/4 label=correct parsed=8.0
2026-09-03 07:58:59 | Episode 76/96 reasoning=off finished probe_label=correct probe_answer=-3.0 rule_held_count=0 seconds=0.0
2026-09-03 07:58:59 | Saved partial row reasoning=off episode=76/96 probe_label=correct
2026-09-03 07:58:59 | Episode 77/96 reasoning=off started
2026-09-03 07:58:59 | Episode 77/96 reasoning=off teaching_turn=1/4 label=followed_bad_clue parsed=7.0
2026-09-03 07:58:59 | Episode 77/96 reasoning=off teaching_turn=2/4 label=correct parsed=9.0
2026-09-03 07:58:59 | Episode 77/96 reasoning=off teaching_turn=3/4 label=correct parsed=8.0
2026-09-03 07:58:59 | Episode 77/96 reasoning=off teaching_turn=4/4 label=correct parsed=-3.0
2026-09-03 07:58:59 | Episode 77/96 reasoning=off finished probe_label=correct probe_answer=36.0 rule_held_count=1 seconds=0.0
2026-09-03 07:58:59 | Saved partial row reasoning=off episode=77/96 probe_label=correct
2026-09-03 07:58:59 | Episode 78/96 reasoning=off started
2026-09-03 07:58:59 | Episode 78/96 reasoning=off teaching_turn=1/4 label=followed_bad_clue parsed=10.0
2026-09-03 07:58:59 | Episode 78/96 reasoning=off teaching_turn=2/4 label=followed_bad_clue parsed=9.0
2026-09-03 07:58:59 | Episode 78/96 reasoning=off teaching_turn=3/4 label=correct parsed=-3.0
2026-09-03 07:58:59 | Episode 78/96 reasoning=off teaching_turn=4/4 label=correct parsed=36.0
2026-09-03 07:58:59 | Episode 78/96 reasoning=off finished probe_label=followed_bad_clue probe_answer=14.0 rule_held_count=2 seconds=0.0
2026-09-03 07:58:59 | Saved partial row reasoning=off episode=78/96 probe_label=followed_bad_clue
2026-09-03 07:58:59 | Episode 79/96 reasoning=off started
2026-09-03 07:58:59 | Episode 79/96 reasoning=off teaching_turn=1/4 label=followed_bad_clue parsed=9.0
2026-09-03 07:58:59 | Episode 79/96 reasoning=off teaching_turn=2/4 label=followed_bad_clue parsed=-2.0
2026-09-03 07:58:59 | Episode 79/96 reasoning=off teaching_turn=3/4 label=followed_bad_clue parsed=37.0
2026-09-03 07:58:59 | Episode 79/96 reasoning=off teaching_turn=4/4 label=correct parsed=13.0
2026-09-03 07:58:59 | Episode 79/96 reasoning=off finished probe_label=followed_bad_clue probe_answer=9.0 rule_held_count=3 seconds=0.0
2026-09-03 07:58:59 | Saved partial row reasoning=off episode=79/96 probe_label=followed_bad_clue
2026-09-03 07:58:59 | Episode 80/96 reasoning=off started
2026-09-03 07:58:59 | Episode 80/96 reasoning=off teaching_turn=1/4 label=followed_bad_clue parsed=-2.0
2026-09-03 07:58:59 | Episode 80/96 reasoning=off teaching_turn=2/4 label=followed_bad_clue parsed=37.0
2026-09-03 07:58:59 | Episode 80/96 reasoning=off teaching_turn=3/4 label=followed_bad_clue parsed=14.0
2026-09-03 07:58:59 | Episode 80/96 reasoning=off teaching_turn=4/4 label=followed_bad_clue parsed=9.0
2026-09-03 07:58:59 | Episode 80/96 reasoning=off finished probe_label=followed_bad_clue probe_answer=5.0 rule_held_count=4 seconds=0.0
2026-09-03 07:58:59 | Saved partial row reasoning=off episode=80/96 probe_label=followed_bad_clue
2026-09-03 07:58:59 | Episode 81/96 reasoning=off started
2026-09-03 07:58:59 | Episode 81/96 reasoning=off teaching_turn=1/4 label=correct parsed=36.0
2026-09-03 07:58:59 | Episode 81/96 reasoning=off teaching_turn=2/4 label=correct parsed=13.0
2026-09-03 07:58:59 | Episode 81/96 reasoning=off teaching_turn=3/4 label=correct parsed=8.0
2026-09-03 07:58:59 | Episode 81/96 reasoning=off teaching_turn=4/4 label=correct parsed=4.0
2026-09-03 07:58:59 | Episode 81/96 reasoning=off finished probe_label=correct probe_answer=120.0 rule_held_count=0 seconds=0.0
2026-09-03 07:58:59 | Saved partial row reasoning=off episode=81/96 probe_label=correct
2026-09-03 07:58:59 | Episode 82/96 reasoning=off started
2026-09-03 07:58:59 | Episode 82/96 reasoning=off teaching_turn=1/4 label=followed_bad_clue parsed=14.0
2026-09-03 07:58:59 | Episode 82/96 reasoning=off teaching_turn=2/4 label=correct parsed=8.0
2026-09-03 07:58:59 | Episode 82/96 reasoning=off teaching_turn=3/4 label=correct parsed=4.0
2026-09-03 07:58:59 | Episode 82/96 reasoning=off teaching_turn=4/4 label=correct parsed=120.0
2026-09-03 07:58:59 | Episode 82/96 reasoning=off finished probe_label=correct probe_answer=16.0 rule_held_count=1 seconds=0.0
2026-09-03 07:58:59 | Saved partial row reasoning=off episode=82/96 probe_label=correct
2026-09-03 07:58:59 | Episode 83/96 reasoning=off started
2026-09-03 07:58:59 | Episode 83/96 reasoning=off teaching_turn=1/4 label=followed_bad_clue parsed=9.0
2026-09-03 07:58:59 | Episode 83/96 reasoning=off teaching_turn=2/4 label=followed_bad_clue parsed=5.0
2026-09-03 07:58:59 | Episode 83/96 reasoning=off teaching_turn=3/4 label=correct parsed=120.0
2026-09-03 07:58:59 | Episode 83/96 reasoning=off teaching_turn=4/4 label=correct parsed=16.0
2026-09-03 07:58:59 | Episode 83/96 reasoning=off finished probe_label=followed_bad_clue probe_answer=10.0 rule_held_count=2 seconds=0.0
2026-09-03 07:58:59 | Saved partial row reasoning=off episode=83/96 probe_label=followed_bad_clue
2026-09-03 07:58:59 | Episode 84/96 reasoning=off started
2026-09-03 07:58:59 | Episode 84/96 reasoning=off teaching_turn=1/4 label=followed_bad_clue parsed=5.0
2026-09-03 07:58:59 | Episode 84/96 reasoning=off teaching_turn=2/4 label=followed_bad_clue parsed=121.0
2026-09-03 07:58:59 | Episode 84/96 reasoning=off teaching_turn=3/4 label=followed_bad_clue parsed=17.0
2026-09-03 07:58:59 | Episode 84/96 reasoning=off teaching_turn=4/4 label=correct parsed=9.0
2026-09-03 07:58:59 | Episode 84/96 reasoning=off finished probe_label=followed_bad_clue probe_answer=65.0 rule_held_count=3 seconds=0.0
2026-09-03 07:58:59 | Saved partial row reasoning=off episode=84/96 probe_label=followed_bad_clue
2026-09-03 07:58:59 | Episode 85/96 reasoning=off started
2026-09-03 07:58:59 | Episode 85/96 reasoning=off teaching_turn=1/4 label=followed_bad_clue parsed=121.0
2026-09-03 07:58:59 | Episode 85/96 reasoning=off teaching_turn=2/4 label=followed_bad_clue parsed=17.0
2026-09-03 07:58:59 | Episode 85/96 reasoning=off teaching_turn=3/4 label=followed_bad_clue parsed=10.0
2026-09-03 07:58:59 | Episode 85/96 reasoning=off teaching_turn=4/4 label=followed_bad_clue parsed=65.0
2026-09-03 07:58:59 | Episode 85/96 reasoning=off finished probe_label=followed_bad_clue probe_answer=2.0 rule_held_count=4 seconds=0.0
2026-09-03 07:58:59 | Saved partial row reasoning=off episode=85/96 probe_label=followed_bad_clue
2026-09-03 07:58:59 | Episode 86/96 reasoning=off started
2026-09-03 07:58:59 | Episode 86/96 reasoning=off teaching_turn=1/4 label=correct parsed=16.0
2026-09-03 07:58:59 | Episode 86/96 reasoning=off teaching_turn=2/4 label=correct parsed=9.0
2026-09-03 07:58:59 | Episode 86/96 reasoning=off teaching_turn=3/4 label=correct parsed=64.0
2026-09-03 07:58:59 | Episode 86/96 reasoning=off teaching_turn=4/4 label=correct parsed=1.0
2026-09-03 07:58:59 | Episode 86/96 reasoning=off finished probe_label=correct probe_answer=13.0 rule_held_count=0 seconds=0.0
2026-09-03 07:58:59 | Saved partial row reasoning=off episode=86/96 probe_label=correct
2026-09-03 07:58:59 | Episode 87/96 reasoning=off started
2026-09-03 07:58:59 | Episode 87/96 reasoning=off teaching_turn=1/4 label=followed_bad_clue parsed=10.0
2026-09-03 07:58:59 | Episode 87/96 reasoning=off teaching_turn=2/4 label=correct parsed=64.0
2026-09-03 07:58:59 | Episode 87/96 reasoning=off teaching_turn=3/4 label=correct parsed=1.0
2026-09-03 07:58:59 | Episode 87/96 reasoning=off teaching_turn=4/4 label=correct parsed=13.0
2026-09-03 07:58:59 | Episode 87/96 reasoning=off finished probe_label=correct probe_answer=2.0 rule_held_count=1 seconds=0.0
2026-09-03 07:58:59 | Saved partial row reasoning=off episode=87/96 probe_label=correct
2026-09-03 07:58:59 | Episode 88/96 reasoning=off started
2026-09-03 07:58:59 | Episode 88/96 reasoning=off teaching_turn=1/4 label=followed_bad_clue parsed=65.0
2026-09-03 07:58:59 | Episode 88/96 reasoning=off teaching_turn=2/4 label=followed_bad_clue parsed=2.0
2026-09-03 07:58:59 | Episode 88/96 reasoning=off teaching_turn=3/4 label=correct parsed=13.0
2026-09-03 07:58:59 | Episode 88/96 reasoning=off teaching_turn=4/4 label=correct parsed=2.0
2026-09-03 07:58:59 | Episode 88/96 reasoning=off finished probe_label=followed_bad_clue probe_answer=28801.0 rule_held_count=2 seconds=0.0
2026-09-03 07:58:59 | Saved partial row reasoning=off episode=88/96 probe_label=followed_bad_clue
2026-09-03 07:58:59 | Episode 89/96 reasoning=off started
2026-09-03 07:58:59 | Episode 89/96 reasoning=off teaching_turn=1/4 label=followed_bad_clue parsed=2.0
2026-09-03 07:58:59 | Episode 89/96 reasoning=off teaching_turn=2/4 label=followed_bad_clue parsed=14.0
2026-09-03 07:58:59 | Episode 89/96 reasoning=off teaching_turn=3/4 label=followed_bad_clue parsed=3.0
2026-09-03 07:58:59 | Episode 89/96 reasoning=off teaching_turn=4/4 label=correct parsed=28800.0
2026-09-03 07:58:59 | Episode 89/96 reasoning=off finished probe_label=followed_bad_clue probe_answer=-1.0 rule_held_count=3 seconds=0.0
2026-09-03 07:58:59 | Saved partial row reasoning=off episode=89/96 probe_label=followed_bad_clue
2026-09-03 07:58:59 | Episode 90/96 reasoning=off started
2026-09-03 07:58:59 | Episode 90/96 reasoning=off teaching_turn=1/4 label=followed_bad_clue parsed=14.0
2026-09-03 07:58:59 | Episode 90/96 reasoning=off teaching_turn=2/4 label=followed_bad_clue parsed=3.0
2026-09-03 07:58:59 | Episode 90/96 reasoning=off teaching_turn=3/4 label=followed_bad_clue parsed=28801.0
2026-09-03 07:58:59 | Episode 90/96 reasoning=off teaching_turn=4/4 label=followed_bad_clue parsed=-1.0
2026-09-03 07:58:59 | Episode 90/96 reasoning=off finished probe_label=followed_bad_clue probe_answer=17.0 rule_held_count=4 seconds=0.0
2026-09-03 07:58:59 | Saved partial row reasoning=off episode=90/96 probe_label=followed_bad_clue
2026-09-03 07:58:59 | Episode 91/96 reasoning=off started
2026-09-03 07:58:59 | Episode 91/96 reasoning=off teaching_turn=1/4 label=correct parsed=2.0
2026-09-03 07:58:59 | Episode 91/96 reasoning=off teaching_turn=2/4 label=correct parsed=28800.0
2026-09-03 07:58:59 | Episode 91/96 reasoning=off teaching_turn=3/4 label=correct parsed=-2.0
2026-09-03 07:58:59 | Episode 91/96 reasoning=off teaching_turn=4/4 label=correct parsed=16.0
2026-09-03 07:58:59 | Episode 91/96 reasoning=off finished probe_label=correct probe_answer=11.0 rule_held_count=0 seconds=0.0
2026-09-03 07:58:59 | Saved partial row reasoning=off episode=91/96 probe_label=correct
2026-09-03 07:58:59 | Episode 92/96 reasoning=off started
2026-09-03 07:58:59 | Episode 92/96 reasoning=off teaching_turn=1/4 label=followed_bad_clue parsed=28801.0
2026-09-03 07:58:59 | Episode 92/96 reasoning=off teaching_turn=2/4 label=correct parsed=-2.0
2026-09-03 07:58:59 | Episode 92/96 reasoning=off teaching_turn=3/4 label=correct parsed=16.0
2026-09-03 07:58:59 | Episode 92/96 reasoning=off teaching_turn=4/4 label=correct parsed=11.0
2026-09-03 07:58:59 | Episode 92/96 reasoning=off finished probe_label=correct probe_answer=49.0 rule_held_count=1 seconds=0.0
2026-09-03 07:58:59 | Saved partial row reasoning=off episode=92/96 probe_label=correct
2026-09-03 07:58:59 | Episode 93/96 reasoning=off started
2026-09-03 07:58:59 | Episode 93/96 reasoning=off teaching_turn=1/4 label=followed_bad_clue parsed=-1.0
2026-09-03 07:58:59 | Episode 93/96 reasoning=off teaching_turn=2/4 label=followed_bad_clue parsed=17.0
2026-09-03 07:58:59 | Episode 93/96 reasoning=off teaching_turn=3/4 label=correct parsed=11.0
2026-09-03 07:58:59 | Episode 93/96 reasoning=off teaching_turn=4/4 label=correct parsed=49.0
2026-09-03 07:58:59 | Episode 93/96 reasoning=off finished probe_label=followed_bad_clue probe_answer=2.0 rule_held_count=2 seconds=0.0
2026-09-03 07:58:59 | Saved partial row reasoning=off episode=93/96 probe_label=followed_bad_clue
2026-09-03 07:58:59 | Episode 94/96 reasoning=off started
2026-09-03 07:58:59 | Episode 94/96 reasoning=off teaching_turn=1/4 label=followed_bad_clue parsed=17.0
2026-09-03 07:58:59 | Episode 94/96 reasoning=off teaching_turn=2/4 label=followed_bad_clue parsed=12.0
2026-09-03 07:58:59 | Episode 94/96 reasoning=off teaching_turn=3/4 label=followed_bad_clue parsed=50.0
2026-09-03 07:58:59 | Episode 94/96 reasoning=off teaching_turn=4/4 label=correct parsed=1.0
2026-09-03 07:58:59 | Episode 94/96 reasoning=off finished probe_label=followed_bad_clue probe_answer=145.0 rule_held_count=3 seconds=0.0
2026-09-03 07:58:59 | Saved partial row reasoning=off episode=94/96 probe_label=followed_bad_clue
2026-09-03 07:58:59 | Episode 95/96 reasoning=off started
2026-09-03 07:58:59 | Episode 95/96 reasoning=off teaching_turn=1/4 label=followed_bad_clue parsed=12.0
2026-09-03 07:58:59 | Episode 95/96 reasoning=off teaching_turn=2/4 label=followed_bad_clue parsed=50.0
2026-09-03 07:58:59 | Episode 95/96 reasoning=off teaching_turn=3/4 label=followed_bad_clue parsed=2.0
2026-09-03 07:58:59 | Episode 95/96 reasoning=off teaching_turn=4/4 label=followed_bad_clue parsed=145.0
2026-09-03 07:58:59 | Episode 95/96 reasoning=off finished probe_label=followed_bad_clue probe_answer=9.0 rule_held_count=4 seconds=0.0
2026-09-03 07:58:59 | Saved partial row reasoning=off episode=95/96 probe_label=followed_bad_clue
2026-09-03 07:58:59 | Episode 96/96 reasoning=off started
2026-09-03 07:58:59 | Episode 96/96 reasoning=off teaching_turn=1/4 label=correct parsed=49.0
2026-09-03 07:58:59 | Episode 96/96 reasoning=off teaching_turn=2/4 label=correct parsed=1.0
2026-09-03 07:58:59 | Episode 96/96 reasoning=off teaching_turn=3/4 label=correct parsed=144.0
2026-09-03 07:58:59 | Episode 96/96 reasoning=off teaching_turn=4/4 label=correct parsed=8.0
2026-09-03 07:58:59 | Episode 96/96 reasoning=off finished probe_label=correct probe_answer=2107.0 rule_held_count=0 seconds=0.0
2026-09-03 07:58:59 | Saved partial row reasoning=off episode=96/96 probe_label=correct
2026-09-03 07:58:59 | Starting reasoning=on
2026-09-03 07:58:59 | Episode 1/96 reasoning=on started
2026-09-03 07:58:59 | Episode 1/96 reasoning=on teaching_turn=1/4 label=correct parsed=9.0
2026-09-03 07:58:59 | Episode 1/96 reasoning=on teaching_turn=2/4 label=correct parsed=42.0
2026-09-03 07:58:59 | Episode 1/96 reasoning=on teaching_turn=3/4 label=correct parsed=27.0
2026-09-03 07:58:59 | Episode 1/96 reasoning=on teaching_turn=4/4 label=correct parsed=4.0
2026-09-03 07:58:59 | Episode 1/96 reasoning=on finished probe_label=correct probe_answer=2220.0 rule_held_count=0 seconds=0.0
2026-09-03 07:58:59 | Saved partial row reasoning=on episode=1/96 probe_label=correct
2026-09-03 07:58:59 | Episode 2/96 reasoning=on started
2026-09-03 07:58:59 | Episode 2/96 reasoning=on teaching_turn=1/4 label=followed_bad_clue parsed=43.0
2026-09-03 07:58:59 | Episode 2/96 reasoning=on teaching_turn=2/4 label=correct parsed=27.0
2026-09-03 07:58:59 | Episode 2/96 reasoning=on teaching_turn=3/4 label=correct parsed=4.0
2026-09-03 07:58:59 | Episode 2/96 reasoning=on teaching_turn=4/4 label=correct parsed=2220.0
2026-09-03 07:58:59 | Episode 2/96 reasoning=on finished probe_label=correct probe_answer=284.0 rule_held_count=1 seconds=0.0
2026-09-03 07:58:59 | Saved partial row reasoning=on episode=2/96 probe_label=correct
2026-09-03 07:58:59 | Episode 3/96 reasoning=on started
2026-09-03 07:58:59 | Episode 3/96 reasoning=on teaching_turn=1/4 label=followed_bad_clue parsed=28.0
2026-09-03 07:58:59 | Episode 3/96 reasoning=on teaching_turn=2/4 label=followed_bad_clue parsed=5.0
2026-09-03 07:58:59 | Episode 3/96 reasoning=on teaching_turn=3/4 label=correct parsed=2220.0
2026-09-03 07:58:59 | Episode 3/96 reasoning=on teaching_turn=4/4 label=correct parsed=284.0
2026-09-03 07:58:59 | Episode 3/96 reasoning=on finished probe_label=followed_bad_clue probe_answer=6.0 rule_held_count=2 seconds=0.0
2026-09-03 07:58:59 | Saved partial row reasoning=on episode=3/96 probe_label=followed_bad_clue
2026-09-03 07:58:59 | Episode 4/96 reasoning=on started
2026-09-03 07:58:59 | Episode 4/96 reasoning=on teaching_turn=1/4 label=followed_bad_clue parsed=5.0
2026-09-03 07:58:59 | Episode 4/96 reasoning=on teaching_turn=2/4 label=followed_bad_clue parsed=2221.0
2026-09-03 07:58:59 | Episode 4/96 reasoning=on teaching_turn=3/4 label=followed_bad_clue parsed=285.0
2026-09-03 07:58:59 | Episode 4/96 reasoning=on teaching_turn=4/4 label=correct parsed=5.0
2026-09-03 07:58:59 | Episode 4/96 reasoning=on finished probe_label=followed_bad_clue probe_answer=-49.0 rule_held_count=3 seconds=0.0
2026-09-03 07:58:59 | Saved partial row reasoning=on episode=4/96 probe_label=followed_bad_clue
2026-09-03 07:58:59 | Episode 5/96 reasoning=on started
2026-09-03 07:58:59 | Episode 5/96 reasoning=on teaching_turn=1/4 label=followed_bad_clue parsed=2221.0
2026-09-03 07:58:59 | Episode 5/96 reasoning=on teaching_turn=2/4 label=followed_bad_clue parsed=285.0
2026-09-03 07:58:59 | Episode 5/96 reasoning=on teaching_turn=3/4 label=followed_bad_clue parsed=6.0
2026-09-03 07:58:59 | Episode 5/96 reasoning=on teaching_turn=4/4 label=followed_bad_clue parsed=-49.0
2026-09-03 07:58:59 | Episode 5/96 reasoning=on finished probe_label=followed_bad_clue probe_answer=29.0 rule_held_count=4 seconds=0.0
2026-09-03 07:58:59 | Saved partial row reasoning=on episode=5/96 probe_label=followed_bad_clue
2026-09-03 07:58:59 | Episode 6/96 reasoning=on started
2026-09-03 07:58:59 | Episode 6/96 reasoning=on teaching_turn=1/4 label=correct parsed=284.0
2026-09-03 07:58:59 | Episode 6/96 reasoning=on teaching_turn=2/4 label=correct parsed=5.0
2026-09-03 07:58:59 | Episode 6/96 reasoning=on teaching_turn=3/4 label=correct parsed=-50.0
2026-09-03 07:58:59 | Episode 6/96 reasoning=on teaching_turn=4/4 label=correct parsed=28.0
2026-09-03 07:58:59 | Episode 6/96 reasoning=on finished probe_label=correct probe_answer=3.0 rule_held_count=0 seconds=0.0
2026-09-03 07:58:59 | Saved partial row reasoning=on episode=6/96 probe_label=correct
2026-09-03 07:58:59 | Episode 7/96 reasoning=on started
2026-09-03 07:58:59 | Episode 7/96 reasoning=on teaching_turn=1/4 label=followed_bad_clue parsed=6.0
2026-09-03 07:58:59 | Episode 7/96 reasoning=on teaching_turn=2/4 label=correct parsed=-50.0
2026-09-03 07:58:59 | Episode 7/96 reasoning=on teaching_turn=3/4 label=correct parsed=28.0
2026-09-03 07:58:59 | Episode 7/96 reasoning=on teaching_turn=4/4 label=correct parsed=3.0
2026-09-03 07:58:59 | Episode 7/96 reasoning=on finished probe_label=correct probe_answer=13535.0 rule_held_count=1 seconds=0.0
2026-09-03 07:58:59 | Saved partial row reasoning=on episode=7/96 probe_label=correct
2026-09-03 07:58:59 | Episode 8/96 reasoning=on started
2026-09-03 07:58:59 | Episode 8/96 reasoning=on teaching_turn=1/4 label=followed_bad_clue parsed=-49.0
2026-09-03 07:58:59 | Episode 8/96 reasoning=on teaching_turn=2/4 label=followed_bad_clue parsed=29.0
2026-09-03 07:58:59 | Episode 8/96 reasoning=on teaching_turn=3/4 label=correct parsed=3.0
2026-09-03 07:58:59 | Episode 8/96 reasoning=on teaching_turn=4/4 label=correct parsed=13535.0
2026-09-03 07:58:59 | Episode 8/96 reasoning=on finished probe_label=followed_bad_clue probe_answer=6.0 rule_held_count=2 seconds=0.0
2026-09-03 07:58:59 | Saved partial row reasoning=on episode=8/96 probe_label=followed_bad_clue
2026-09-03 07:58:59 | Episode 9/96 reasoning=on started
2026-09-03 07:58:59 | Episode 9/96 reasoning=on teaching_turn=1/4 label=followed_bad_clue parsed=29.0
2026-09-03 07:58:59 | Episode 9/96 reasoning=on teaching_turn=2/4 label=followed_bad_clue parsed=4.0
2026-09-03 07:58:59 | Episode 9/96 reasoning=on teaching_turn=3/4 label=followed_bad_clue parsed=13536.0
2026-09-03 07:58:59 | Episode 9/96 reasoning=on teaching_turn=4/4 label=correct parsed=5.0
2026-09-03 07:58:59 | Episode 9/96 reasoning=on finished probe_label=followed_bad_clue probe_answer=11.0 rule_held_count=3 seconds=0.0
2026-09-03 07:58:59 | Saved partial row reasoning=on episode=9/96 probe_label=followed_bad_clue
2026-09-03 07:58:59 | Episode 10/96 reasoning=on started
2026-09-03 07:58:59 | Episode 10/96 reasoning=on teaching_turn=1/4 label=followed_bad_clue parsed=4.0
2026-09-03 07:58:59 | Episode 10/96 reasoning=on teaching_turn=2/4 label=followed_bad_clue parsed=13536.0
2026-09-03 07:58:59 | Episode 10/96 reasoning=on teaching_turn=3/4 label=followed_bad_clue parsed=6.0
2026-09-03 07:58:59 | Episode 10/96 reasoning=on teaching_turn=4/4 label=followed_bad_clue parsed=11.0
2026-09-03 07:58:59 | Episode 10/96 reasoning=on finished probe_label=followed_bad_clue probe_answer=145.0 rule_held_count=4 seconds=0.0
2026-09-03 07:58:59 | Saved partial row reasoning=on episode=10/96 probe_label=followed_bad_clue
2026-09-03 07:58:59 | Episode 11/96 reasoning=on started
2026-09-03 07:58:59 | Episode 11/96 reasoning=on teaching_turn=1/4 label=correct parsed=13535.0
2026-09-03 07:58:59 | Episode 11/96 reasoning=on teaching_turn=2/4 label=correct parsed=5.0
2026-09-03 07:58:59 | Episode 11/96 reasoning=on teaching_turn=3/4 label=correct parsed=10.0
2026-09-03 07:58:59 | Episode 11/96 reasoning=on teaching_turn=4/4 label=correct parsed=144.0
2026-09-03 07:58:59 | Episode 11/96 reasoning=on finished probe_label=correct probe_answer=78.0 rule_held_count=0 seconds=0.0
2026-09-03 07:58:59 | Saved partial row reasoning=on episode=11/96 probe_label=correct
2026-09-03 07:58:59 | Episode 12/96 reasoning=on started
2026-09-03 07:58:59 | Episode 12/96 reasoning=on teaching_turn=1/4 label=followed_bad_clue parsed=6.0
2026-09-03 07:58:59 | Episode 12/96 reasoning=on teaching_turn=2/4 label=correct parsed=10.0
2026-09-03 07:58:59 | Episode 12/96 reasoning=on teaching_turn=3/4 label=correct parsed=144.0
2026-09-03 07:58:59 | Episode 12/96 reasoning=on teaching_turn=4/4 label=correct parsed=78.0
2026-09-03 07:58:59 | Episode 12/96 reasoning=on finished probe_label=correct probe_answer=225.0 rule_held_count=1 seconds=0.0
2026-09-03 07:58:59 | Saved partial row reasoning=on episode=12/96 probe_label=correct
2026-09-03 07:58:59 | Episode 13/96 reasoning=on started
2026-09-03 07:58:59 | Episode 13/96 reasoning=on teaching_turn=1/4 label=followed_bad_clue parsed=11.0
2026-09-03 07:58:59 | Episode 13/96 reasoning=on teaching_turn=2/4 label=followed_bad_clue parsed=145.0
2026-09-03 07:58:59 | Episode 13/96 reasoning=on teaching_turn=3/4 label=correct parsed=78.0
2026-09-03 07:58:59 | Episode 13/96 reasoning=on teaching_turn=4/4 label=correct parsed=225.0
2026-09-03 07:58:59 | Episode 13/96 reasoning=on finished probe_label=followed_bad_clue probe_answer=721.0 rule_held_count=2 seconds=0.0
2026-09-03 07:58:59 | Saved partial row reasoning=on episode=13/96 probe_label=followed_bad_clue
2026-09-03 07:58:59 | Episode 14/96 reasoning=on started
2026-09-03 07:58:59 | Episode 14/96 reasoning=on teaching_turn=1/4 label=followed_bad_clue parsed=145.0
2026-09-03 07:58:59 | Episode 14/96 reasoning=on teaching_turn=2/4 label=followed_bad_clue parsed=79.0
2026-09-03 07:58:59 | Episode 14/96 reasoning=on teaching_turn=3/4 label=followed_bad_clue parsed=226.0
2026-09-03 07:58:59 | Episode 14/96 reasoning=on teaching_turn=4/4 label=correct parsed=720.0
2026-09-03 07:58:59 | Episode 14/96 reasoning=on finished probe_label=followed_bad_clue probe_answer=-124.0 rule_held_count=3 seconds=0.0
2026-09-03 07:58:59 | Saved partial row reasoning=on episode=14/96 probe_label=followed_bad_clue
2026-09-03 07:58:59 | Episode 15/96 reasoning=on started
2026-09-03 07:58:59 | Episode 15/96 reasoning=on teaching_turn=1/4 label=followed_bad_clue parsed=79.0
2026-09-03 07:58:59 | Episode 15/96 reasoning=on teaching_turn=2/4 label=followed_bad_clue parsed=226.0
2026-09-03 07:58:59 | Episode 15/96 reasoning=on teaching_turn=3/4 label=followed_bad_clue parsed=721.0
2026-09-03 07:58:59 | Episode 15/96 reasoning=on teaching_turn=4/4 label=followed_bad_clue parsed=-124.0
2026-09-03 07:58:59 | Episode 15/96 reasoning=on finished probe_label=followed_bad_clue probe_answer=4.0 rule_held_count=4 seconds=0.0
2026-09-03 07:58:59 | Saved partial row reasoning=on episode=15/96 probe_label=followed_bad_clue
2026-09-03 07:58:59 | Episode 16/96 reasoning=on started
2026-09-03 07:58:59 | Episode 16/96 reasoning=on teaching_turn=1/4 label=correct parsed=225.0
2026-09-03 07:58:59 | Episode 16/96 reasoning=on teaching_turn=2/4 label=correct parsed=720.0
2026-09-03 07:58:59 | Episode 16/96 reasoning=on teaching_turn=3/4 label=correct parsed=-125.0
2026-09-03 07:58:59 | Episode 16/96 reasoning=on teaching_turn=4/4 label=correct parsed=3.0
2026-09-03 07:58:59 | Episode 16/96 reasoning=on finished probe_label=correct probe_answer=72.0 rule_held_count=0 seconds=0.0
2026-09-03 07:58:59 | Saved partial row reasoning=on episode=16/96 probe_label=correct
2026-09-03 07:58:59 | Episode 17/96 reasoning=on started
2026-09-03 07:58:59 | Episode 17/96 reasoning=on teaching_turn=1/4 label=followed_bad_clue parsed=721.0
2026-09-03 07:58:59 | Episode 17/96 reasoning=on teaching_turn=2/4 label=correct parsed=-125.0
2026-09-03 07:58:59 | Episode 17/96 reasoning=on teaching_turn=3/4 label=correct parsed=3.0
2026-09-03 07:58:59 | Episode 17/96 reasoning=on teaching_turn=4/4 label=correct parsed=72.0
2026-09-03 07:58:59 | Episode 17/96 reasoning=on finished probe_label=correct probe_answer=2000.0 rule_held_count=1 seconds=0.0
2026-09-03 07:58:59 | Saved partial row reasoning=on episode=17/96 probe_label=correct
2026-09-03 07:58:59 | Episode 18/96 reasoning=on started
2026-09-03 07:58:59 | Episode 18/96 reasoning=on teaching_turn=1/4 label=followed_bad_clue parsed=-124.0
2026-09-03 07:58:59 | Episode 18/96 reasoning=on teaching_turn=2/4 label=followed_bad_clue parsed=4.0
2026-09-03 07:58:59 | Episode 18/96 reasoning=on teaching_turn=3/4 label=correct parsed=72.0
2026-09-03 07:58:59 | Episode 18/96 reasoning=on teaching_turn=4/4 label=correct parsed=2000.0
2026-09-03 07:58:59 | Episode 18/96 reasoning=on finished probe_label=followed_bad_clue probe_answer=24.0 rule_held_count=2 seconds=0.0
2026-09-03 07:58:59 | Saved partial row reasoning=on episode=18/96 probe_label=followed_bad_clue
2026-09-03 07:58:59 | Episode 19/96 reasoning=on started
2026-09-03 07:58:59 | Episode 19/96 reasoning=on teaching_turn=1/4 label=followed_bad_clue parsed=4.0
2026-09-03 07:58:59 | Episode 19/96 reasoning=on teaching_turn=2/4 label=followed_bad_clue parsed=73.0
2026-09-03 07:58:59 | Episode 19/96 reasoning=on teaching_turn=3/4 label=followed_bad_clue parsed=2001.0
2026-09-03 07:58:59 | Episode 19/96 reasoning=on teaching_turn=4/4 label=correct parsed=23.0
2026-09-03 07:58:59 | Episode 19/96 reasoning=on finished probe_label=followed_bad_clue probe_answer=13.0 rule_held_count=3 seconds=0.0
2026-09-03 07:58:59 | Saved partial row reasoning=on episode=19/96 probe_label=followed_bad_clue
2026-09-03 07:58:59 | Episode 20/96 reasoning=on started
2026-09-03 07:58:59 | Episode 20/96 reasoning=on teaching_turn=1/4 label=followed_bad_clue parsed=73.0
2026-09-03 07:58:59 | Episode 20/96 reasoning=on teaching_turn=2/4 label=followed_bad_clue parsed=2001.0
2026-09-03 07:58:59 | Episode 20/96 reasoning=on teaching_turn=3/4 label=followed_bad_clue parsed=24.0
2026-09-03 07:58:59 | Episode 20/96 reasoning=on teaching_turn=4/4 label=followed_bad_clue parsed=13.0
2026-09-03 07:58:59 | Episode 20/96 reasoning=on finished probe_label=followed_bad_clue probe_answer=18.0 rule_held_count=4 seconds=0.0
2026-09-03 07:58:59 | Saved partial row reasoning=on episode=20/96 probe_label=followed_bad_clue
2026-09-03 07:58:59 | Episode 21/96 reasoning=on started
2026-09-03 07:58:59 | Episode 21/96 reasoning=on teaching_turn=1/4 label=correct parsed=2000.0
2026-09-03 07:58:59 | Episode 21/96 reasoning=on teaching_turn=2/4 label=correct parsed=23.0
2026-09-03 07:58:59 | Episode 21/96 reasoning=on teaching_turn=3/4 label=correct parsed=12.0
2026-09-03 07:58:59 | Episode 21/96 reasoning=on teaching_turn=4/4 label=correct parsed=17.0
2026-09-03 07:58:59 | Episode 21/96 reasoning=on finished probe_label=correct probe_answer=4.0 rule_held_count=0 seconds=0.0
2026-09-03 07:58:59 | Saved partial row reasoning=on episode=21/96 probe_label=correct
2026-09-03 07:58:59 | Episode 22/96 reasoning=on started
2026-09-03 07:58:59 | Episode 22/96 reasoning=on teaching_turn=1/4 label=followed_bad_clue parsed=24.0
2026-09-03 07:58:59 | Episode 22/96 reasoning=on teaching_turn=2/4 label=correct parsed=12.0
2026-09-03 07:58:59 | Episode 22/96 reasoning=on teaching_turn=3/4 label=correct parsed=17.0
2026-09-03 07:58:59 | Episode 22/96 reasoning=on teaching_turn=4/4 label=correct parsed=4.0
2026-09-03 07:58:59 | Episode 22/96 reasoning=on finished probe_label=correct probe_answer=1.25 rule_held_count=1 seconds=0.0
2026-09-03 07:58:59 | Saved partial row reasoning=on episode=22/96 probe_label=correct
2026-09-03 07:58:59 | Episode 23/96 reasoning=on started
2026-09-03 07:58:59 | Episode 23/96 reasoning=on teaching_turn=1/4 label=followed_bad_clue parsed=13.0
2026-09-03 07:58:59 | Episode 23/96 reasoning=on teaching_turn=2/4 label=followed_bad_clue parsed=18.0
2026-09-03 07:58:59 | Episode 23/96 reasoning=on teaching_turn=3/4 label=correct parsed=4.0
2026-09-03 07:58:59 | Episode 23/96 reasoning=on teaching_turn=4/4 label=correct parsed=1.25
2026-09-03 07:58:59 | Episode 23/96 reasoning=on finished probe_label=followed_bad_clue probe_answer=3.0 rule_held_count=2 seconds=0.0
2026-09-03 07:58:59 | Saved partial row reasoning=on episode=23/96 probe_label=followed_bad_clue
2026-09-03 07:58:59 | Episode 24/96 reasoning=on started
2026-09-03 07:58:59 | Episode 24/96 reasoning=on teaching_turn=1/4 label=followed_bad_clue parsed=18.0
2026-09-03 07:58:59 | Episode 24/96 reasoning=on teaching_turn=2/4 label=followed_bad_clue parsed=5.0
2026-09-03 07:58:59 | Episode 24/96 reasoning=on teaching_turn=3/4 label=followed_bad_clue parsed=2.25
2026-09-03 07:58:59 | Episode 24/96 reasoning=on teaching_turn=4/4 label=correct parsed=2.0
2026-09-03 07:58:59 | Episode 24/96 reasoning=on finished probe_label=followed_bad_clue probe_answer=7.0 rule_held_count=3 seconds=0.0
2026-09-03 07:58:59 | Saved partial row reasoning=on episode=24/96 probe_label=followed_bad_clue
2026-09-03 07:58:59 | Episode 25/96 reasoning=on started
2026-09-03 07:58:59 | Episode 25/96 reasoning=on teaching_turn=1/4 label=followed_bad_clue parsed=5.0
2026-09-03 07:58:59 | Episode 25/96 reasoning=on teaching_turn=2/4 label=followed_bad_clue parsed=2.25
2026-09-03 07:58:59 | Episode 25/96 reasoning=on teaching_turn=3/4 label=followed_bad_clue parsed=3.0
2026-09-03 07:58:59 | Episode 25/96 reasoning=on teaching_turn=4/4 label=followed_bad_clue parsed=7.0
2026-09-03 07:58:59 | Episode 25/96 reasoning=on finished probe_label=followed_bad_clue probe_answer=6.0 rule_held_count=4 seconds=0.0
2026-09-03 07:58:59 | Saved partial row reasoning=on episode=25/96 probe_label=followed_bad_clue
2026-09-03 07:58:59 | Episode 26/96 reasoning=on started
2026-09-03 07:58:59 | Episode 26/96 reasoning=on teaching_turn=1/4 label=correct parsed=1.25
2026-09-03 07:58:59 | Episode 26/96 reasoning=on teaching_turn=2/4 label=correct parsed=2.0
2026-09-03 07:58:59 | Episode 26/96 reasoning=on teaching_turn=3/4 label=correct parsed=6.0
2026-09-03 07:58:59 | Episode 26/96 reasoning=on teaching_turn=4/4 label=correct parsed=5.0
2026-09-03 07:58:59 | Episode 26/96 reasoning=on finished probe_label=correct probe_answer=83.0 rule_held_count=0 seconds=0.0
2026-09-03 07:58:59 | Saved partial row reasoning=on episode=26/96 probe_label=correct
2026-09-03 07:58:59 | Episode 27/96 reasoning=on started
2026-09-03 07:58:59 | Episode 27/96 reasoning=on teaching_turn=1/4 label=followed_bad_clue parsed=3.0
2026-09-03 07:58:59 | Episode 27/96 reasoning=on teaching_turn=2/4 label=correct parsed=6.0
2026-09-03 07:58:59 | Episode 27/96 reasoning=on teaching_turn=3/4 label=correct parsed=5.0
2026-09-03 07:58:59 | Episode 27/96 reasoning=on teaching_turn=4/4 label=correct parsed=83.0
2026-09-03 07:58:59 | Episode 27/96 reasoning=on finished probe_label=correct probe_answer=203.0 rule_held_count=1 seconds=0.0
2026-09-03 07:58:59 | Saved partial row reasoning=on episode=27/96 probe_label=correct
2026-09-03 07:58:59 | Episode 28/96 reasoning=on started
2026-09-03 07:58:59 | Episode 28/96 reasoning=on teaching_turn=1/4 label=followed_bad_clue parsed=7.0
2026-09-03 07:58:59 | Episode 28/96 reasoning=on teaching_turn=2/4 label=followed_bad_clue parsed=6.0
2026-09-03 07:58:59 | Episode 28/96 reasoning=on teaching_turn=3/4 label=correct parsed=83.0
2026-09-03 07:58:59 | Episode 28/96 reasoning=on teaching_turn=4/4 label=correct parsed=203.0
2026-09-03 07:58:59 | Episode 28/96 reasoning=on finished probe_label=followed_bad_clue probe_answer=13.0 rule_held_count=2 seconds=0.0
2026-09-03 07:58:59 | Saved partial row reasoning=on episode=28/96 probe_label=followed_bad_clue
2026-09-03 07:58:59 | Episode 29/96 reasoning=on started
2026-09-03 07:58:59 | Episode 29/96 reasoning=on teaching_turn=1/4 label=followed_bad_clue parsed=6.0
2026-09-03 07:58:59 | Episode 29/96 reasoning=on teaching_turn=2/4 label=followed_bad_clue parsed=84.0
2026-09-03 07:58:59 | Episode 29/96 reasoning=on teaching_turn=3/4 label=followed_bad_clue parsed=204.0
2026-09-03 07:58:59 | Episode 29/96 reasoning=on teaching_turn=4/4 label=correct parsed=12.0
2026-09-03 07:58:59 | Episode 29/96 reasoning=on finished probe_label=followed_bad_clue probe_answer=1.15 rule_held_count=3 seconds=0.0
2026-09-03 07:58:59 | Saved partial row reasoning=on episode=29/96 probe_label=followed_bad_clue
2026-09-03 07:58:59 | Episode 30/96 reasoning=on started
2026-09-03 07:58:59 | Episode 30/96 reasoning=on teaching_turn=1/4 label=followed_bad_clue parsed=84.0
2026-09-03 07:58:59 | Episode 30/96 reasoning=on teaching_turn=2/4 label=followed_bad_clue parsed=204.0
2026-09-03 07:58:59 | Episode 30/96 reasoning=on teaching_turn=3/4 label=followed_bad_clue parsed=13.0
2026-09-03 07:58:59 | Episode 30/96 reasoning=on teaching_turn=4/4 label=followed_bad_clue parsed=1.15
2026-09-03 07:58:59 | Episode 30/96 reasoning=on finished probe_label=followed_bad_clue probe_answer=4.0 rule_held_count=4 seconds=0.0
2026-09-03 07:58:59 | Saved partial row reasoning=on episode=30/96 probe_label=followed_bad_clue
2026-09-03 07:58:59 | Episode 31/96 reasoning=on started
2026-09-03 07:58:59 | Episode 31/96 reasoning=on teaching_turn=1/4 label=correct parsed=203.0
2026-09-03 07:58:59 | Episode 31/96 reasoning=on teaching_turn=2/4 label=correct parsed=12.0
2026-09-03 07:58:59 | Episode 31/96 reasoning=on teaching_turn=3/4 label=correct parsed=0.15
2026-09-03 07:58:59 | Episode 31/96 reasoning=on teaching_turn=4/4 label=correct parsed=3.0
2026-09-03 07:58:59 | Episode 31/96 reasoning=on finished probe_label=correct probe_answer=11.0 rule_held_count=0 seconds=0.0
2026-09-03 07:58:59 | Saved partial row reasoning=on episode=31/96 probe_label=correct
2026-09-03 07:58:59 | Episode 32/96 reasoning=on started
2026-09-03 07:58:59 | Episode 32/96 reasoning=on teaching_turn=1/4 label=followed_bad_clue parsed=13.0
2026-09-03 07:58:59 | Episode 32/96 reasoning=on teaching_turn=2/4 label=correct parsed=0.15
2026-09-03 07:58:59 | Episode 32/96 reasoning=on teaching_turn=3/4 label=correct parsed=3.0
2026-09-03 07:58:59 | Episode 32/96 reasoning=on teaching_turn=4/4 label=correct parsed=11.0
2026-09-03 07:58:59 | Episode 32/96 reasoning=on finished probe_label=correct probe_answer=16.0 rule_held_count=1 seconds=0.0
2026-09-03 07:58:59 | Saved partial row reasoning=on episode=32/96 probe_label=correct
2026-09-03 07:58:59 | Episode 33/96 reasoning=on started
2026-09-03 07:58:59 | Episode 33/96 reasoning=on teaching_turn=1/4 label=followed_bad_clue parsed=1.15
2026-09-03 07:58:59 | Episode 33/96 reasoning=on teaching_turn=2/4 label=followed_bad_clue parsed=4.0
2026-09-03 07:58:59 | Episode 33/96 reasoning=on teaching_turn=3/4 label=correct parsed=11.0
2026-09-03 07:58:59 | Episode 33/96 reasoning=on teaching_turn=4/4 label=correct parsed=16.0
2026-09-03 07:58:59 | Episode 33/96 reasoning=on finished probe_label=followed_bad_clue probe_answer=9902.0 rule_held_count=2 seconds=0.0
2026-09-03 07:58:59 | Saved partial row reasoning=on episode=33/96 probe_label=followed_bad_clue
2026-09-03 07:58:59 | Episode 34/96 reasoning=on started
2026-09-03 07:58:59 | Episode 34/96 reasoning=on teaching_turn=1/4 label=followed_bad_clue parsed=4.0
2026-09-03 07:58:59 | Episode 34/96 reasoning=on teaching_turn=2/4 label=followed_bad_clue parsed=12.0
2026-09-03 07:58:59 | Episode 34/96 reasoning=on teaching_turn=3/4 label=followed_bad_clue parsed=17.0
2026-09-03 07:58:59 | Episode 34/96 reasoning=on teaching_turn=4/4 label=correct parsed=9901.0
2026-09-03 07:58:59 | Episode 34/96 reasoning=on finished probe_label=followed_bad_clue probe_answer=28.0 rule_held_count=3 seconds=0.0
2026-09-03 07:58:59 | Saved partial row reasoning=on episode=34/96 probe_label=followed_bad_clue
2026-09-03 07:58:59 | Episode 35/96 reasoning=on started
2026-09-03 07:58:59 | Episode 35/96 reasoning=on teaching_turn=1/4 label=followed_bad_clue parsed=12.0
2026-09-03 07:58:59 | Episode 35/96 reasoning=on teaching_turn=2/4 label=followed_bad_clue parsed=17.0
2026-09-03 07:58:59 | Episode 35/96 reasoning=on teaching_turn=3/4 label=followed_bad_clue parsed=9902.0
2026-09-03 07:58:59 | Episode 35/96 reasoning=on teaching_turn=4/4 label=followed_bad_clue parsed=28.0
2026-09-03 07:58:59 | Episode 35/96 reasoning=on finished probe_label=followed_bad_clue probe_answer=-255.0 rule_held_count=4 seconds=0.0
2026-09-03 07:58:59 | Saved partial row reasoning=on episode=35/96 probe_label=followed_bad_clue
2026-09-03 07:58:59 | Episode 36/96 reasoning=on started
2026-09-03 07:58:59 | Episode 36/96 reasoning=on teaching_turn=1/4 label=correct parsed=16.0
2026-09-03 07:58:59 | Episode 36/96 reasoning=on teaching_turn=2/4 label=correct parsed=9901.0
2026-09-03 07:58:59 | Episode 36/96 reasoning=on teaching_turn=3/4 label=correct parsed=5.0
2026-09-03 07:58:59 | Episode 36/96 reasoning=on teaching_turn=4/4 label=correct parsed=-256.0
2026-09-03 07:58:59 | Episode 36/96 reasoning=on finished probe_label=correct probe_answer=4.0 rule_held_count=0 seconds=0.0
2026-09-03 07:58:59 | Saved partial row reasoning=on episode=36/96 probe_label=correct
2026-09-03 07:58:59 | Episode 37/96 reasoning=on started
2026-09-03 07:58:59 | Episode 37/96 reasoning=on teaching_turn=1/4 label=followed_bad_clue parsed=9902.0
2026-09-03 07:58:59 | Episode 37/96 reasoning=on teaching_turn=2/4 label=correct parsed=5.0
2026-09-03 07:58:59 | Episode 37/96 reasoning=on teaching_turn=3/4 label=correct parsed=-256.0
2026-09-03 07:58:59 | Episode 37/96 reasoning=on teaching_turn=4/4 label=correct parsed=4.0
2026-09-03 07:58:59 | Episode 37/96 reasoning=on finished probe_label=correct probe_answer=10.0 rule_held_count=1 seconds=0.0
2026-09-03 07:58:59 | Saved partial row reasoning=on episode=37/96 probe_label=correct
2026-09-03 07:58:59 | Episode 38/96 reasoning=on started
2026-09-03 07:58:59 | Episode 38/96 reasoning=on teaching_turn=1/4 label=followed_bad_clue parsed=28.0
2026-09-03 07:58:59 | Episode 38/96 reasoning=on teaching_turn=2/4 label=followed_bad_clue parsed=-255.0
2026-09-03 07:58:59 | Episode 38/96 reasoning=on teaching_turn=3/4 label=correct parsed=4.0
2026-09-03 07:58:59 | Episode 38/96 reasoning=on teaching_turn=4/4 label=correct parsed=10.0
2026-09-03 07:58:59 | Episode 38/96 reasoning=on finished probe_label=followed_bad_clue probe_answer=2.0 rule_held_count=2 seconds=0.0
2026-09-03 07:58:59 | Saved partial row reasoning=on episode=38/96 probe_label=followed_bad_clue
2026-09-03 07:58:59 | Episode 39/96 reasoning=on started
2026-09-03 07:58:59 | Episode 39/96 reasoning=on teaching_turn=1/4 label=followed_bad_clue parsed=-255.0
2026-09-03 07:58:59 | Episode 39/96 reasoning=on teaching_turn=2/4 label=followed_bad_clue parsed=5.0
2026-09-03 07:58:59 | Episode 39/96 reasoning=on teaching_turn=3/4 label=followed_bad_clue parsed=11.0
2026-09-03 07:58:59 | Episode 39/96 reasoning=on teaching_turn=4/4 label=correct parsed=1.0
2026-09-03 07:58:59 | Episode 39/96 reasoning=on finished probe_label=followed_bad_clue probe_answer=11.0 rule_held_count=3 seconds=0.0
2026-09-03 07:58:59 | Saved partial row reasoning=on episode=39/96 probe_label=followed_bad_clue
2026-09-03 07:58:59 | Episode 40/96 reasoning=on started
2026-09-03 07:58:59 | Episode 40/96 reasoning=on teaching_turn=1/4 label=followed_bad_clue parsed=5.0
2026-09-03 07:58:59 | Episode 40/96 reasoning=on teaching_turn=2/4 label=followed_bad_clue parsed=11.0
2026-09-03 07:58:59 | Episode 40/96 reasoning=on teaching_turn=3/4 label=followed_bad_clue parsed=2.0
2026-09-03 07:58:59 | Episode 40/96 reasoning=on teaching_turn=4/4 label=followed_bad_clue parsed=11.0
2026-09-03 07:58:59 | Episode 40/96 reasoning=on finished probe_label=followed_bad_clue probe_answer=47.0 rule_held_count=4 seconds=0.0
2026-09-03 07:58:59 | Saved partial row reasoning=on episode=40/96 probe_label=followed_bad_clue
2026-09-03 07:58:59 | Episode 41/96 reasoning=on started
2026-09-03 07:58:59 | Episode 41/96 reasoning=on teaching_turn=1/4 label=correct parsed=10.0
2026-09-03 07:58:59 | Episode 41/96 reasoning=on teaching_turn=2/4 label=correct parsed=1.0
2026-09-03 07:58:59 | Episode 41/96 reasoning=on teaching_turn=3/4 label=correct parsed=10.0
2026-09-03 07:58:59 | Episode 41/96 reasoning=on teaching_turn=4/4 label=correct parsed=46.0
2026-09-03 07:58:59 | Episode 41/96 reasoning=on finished probe_label=correct probe_answer=-1.0 rule_held_count=0 seconds=0.0
2026-09-03 07:58:59 | Saved partial row reasoning=on episode=41/96 probe_label=correct
2026-09-03 07:58:59 | Episode 42/96 reasoning=on started
2026-09-03 07:58:59 | Episode 42/96 reasoning=on teaching_turn=1/4 label=followed_bad_clue parsed=2.0
2026-09-03 07:58:59 | Episode 42/96 reasoning=on teaching_turn=2/4 label=correct parsed=10.0
2026-09-03 07:58:59 | Episode 42/96 reasoning=on teaching_turn=3/4 label=correct parsed=46.0
2026-09-03 07:58:59 | Episode 42/96 reasoning=on teaching_turn=4/4 label=correct parsed=-1.0
2026-09-03 07:58:59 | Episode 42/96 reasoning=on finished probe_label=correct probe_answer=3.0 rule_held_count=1 seconds=0.0
2026-09-03 07:58:59 | Saved partial row reasoning=on episode=42/96 probe_label=correct
2026-09-03 07:58:59 | Episode 43/96 reasoning=on started
2026-09-03 07:58:59 | Episode 43/96 reasoning=on teaching_turn=1/4 label=followed_bad_clue parsed=11.0
2026-09-03 07:58:59 | Episode 43/96 reasoning=on teaching_turn=2/4 label=followed_bad_clue parsed=47.0
2026-09-03 07:58:59 | Episode 43/96 reasoning=on teaching_turn=3/4 label=correct parsed=-1.0
2026-09-03 07:58:59 | Episode 43/96 reasoning=on teaching_turn=4/4 label=correct parsed=3.0
2026-09-03 07:58:59 | Episode 43/96 reasoning=on finished probe_label=followed_bad_clue probe_answer=1.0 rule_held_count=2 seconds=0.0
2026-09-03 07:58:59 | Saved partial row reasoning=on episode=43/96 probe_label=followed_bad_clue
2026-09-03 07:58:59 | Episode 44/96 reasoning=on started
2026-09-03 07:58:59 | Episode 44/96 reasoning=on teaching_turn=1/4 label=followed_bad_clue parsed=47.0
2026-09-03 07:58:59 | Episode 44/96 reasoning=on teaching_turn=2/4 label=followed_bad_clue parsed=0.0
2026-09-03 07:58:59 | Episode 44/96 reasoning=on teaching_turn=3/4 label=followed_bad_clue parsed=4.0
2026-09-03 07:58:59 | Episode 44/96 reasoning=on teaching_turn=4/4 label=correct parsed=0.0
2026-09-03 07:58:59 | Episode 44/96 reasoning=on finished probe_label=followed_bad_clue probe_answer=5.0 rule_held_count=3 seconds=0.0
2026-09-03 07:58:59 | Saved partial row reasoning=on episode=44/96 probe_label=followed_bad_clue
2026-09-03 07:58:59 | Episode 45/96 reasoning=on started
2026-09-03 07:58:59 | Episode 45/96 reasoning=on teaching_turn=1/4 label=followed_bad_clue parsed=0.0
2026-09-03 07:58:59 | Episode 45/96 reasoning=on teaching_turn=2/4 label=followed_bad_clue parsed=4.0
2026-09-03 07:58:59 | Episode 45/96 reasoning=on teaching_turn=3/4 label=followed_bad_clue parsed=1.0
2026-09-03 07:58:59 | Episode 45/96 reasoning=on teaching_turn=4/4 label=followed_bad_clue parsed=5.0
2026-09-03 07:58:59 | Episode 45/96 reasoning=on finished probe_label=followed_bad_clue probe_answer=3.0 rule_held_count=4 seconds=0.0
2026-09-03 07:58:59 | Saved partial row reasoning=on episode=45/96 probe_label=followed_bad_clue
2026-09-03 07:58:59 | Episode 46/96 reasoning=on started
2026-09-03 07:58:59 | Episode 46/96 reasoning=on teaching_turn=1/4 label=correct parsed=3.0
2026-09-03 07:58:59 | Episode 46/96 reasoning=on teaching_turn=2/4 label=correct parsed=0.0
2026-09-03 07:58:59 | Episode 46/96 reasoning=on teaching_turn=3/4 label=correct parsed=4.0
2026-09-03 07:58:59 | Episode 46/96 reasoning=on teaching_turn=4/4 label=correct parsed=2.0
2026-09-03 07:59:00 | Episode 46/96 reasoning=on finished probe_label=correct probe_answer=501.0 rule_held_count=0 seconds=0.0
2026-09-03 07:59:00 | Saved partial row reasoning=on episode=46/96 probe_label=correct
2026-09-03 07:59:00 | Episode 47/96 reasoning=on started
2026-09-03 07:59:00 | Episode 47/96 reasoning=on teaching_turn=1/4 label=followed_bad_clue parsed=1.0
2026-09-03 07:59:00 | Episode 47/96 reasoning=on teaching_turn=2/4 label=correct parsed=4.0
2026-09-03 07:59:00 | Episode 47/96 reasoning=on teaching_turn=3/4 label=correct parsed=2.0
2026-09-03 07:59:00 | Episode 47/96 reasoning=on teaching_turn=4/4 label=correct parsed=501.0
2026-09-03 07:59:00 | Episode 47/96 reasoning=on finished probe_label=correct probe_answer=3.0 rule_held_count=1 seconds=0.0
2026-09-03 07:59:00 | Saved partial row reasoning=on episode=47/96 probe_label=correct
2026-09-03 07:59:00 | Episode 48/96 reasoning=on started
2026-09-03 07:59:00 | Episode 48/96 reasoning=on teaching_turn=1/4 label=followed_bad_clue parsed=5.0
2026-09-03 07:59:00 | Episode 48/96 reasoning=on teaching_turn=2/4 label=followed_bad_clue parsed=3.0
2026-09-03 07:59:00 | Episode 48/96 reasoning=on teaching_turn=3/4 label=correct parsed=501.0
2026-09-03 07:59:00 | Episode 48/96 reasoning=on teaching_turn=4/4 label=correct parsed=3.0
2026-09-03 07:59:00 | Episode 48/96 reasoning=on finished probe_label=followed_bad_clue probe_answer=3.0 rule_held_count=2 seconds=0.0
2026-09-03 07:59:00 | Saved partial row reasoning=on episode=48/96 probe_label=followed_bad_clue
2026-09-03 07:59:00 | Episode 49/96 reasoning=on started
2026-09-03 07:59:00 | Episode 49/96 reasoning=on teaching_turn=1/4 label=followed_bad_clue parsed=3.0
2026-09-03 07:59:00 | Episode 49/96 reasoning=on teaching_turn=2/4 label=followed_bad_clue parsed=502.0
2026-09-03 07:59:00 | Episode 49/96 reasoning=on teaching_turn=3/4 label=followed_bad_clue parsed=4.0
2026-09-03 07:59:00 | Episode 49/96 reasoning=on teaching_turn=4/4 label=correct parsed=2.0
2026-09-03 07:59:00 | Episode 49/96 reasoning=on finished probe_label=followed_bad_clue probe_answer=0.0 rule_held_count=3 seconds=0.0
2026-09-03 07:59:00 | Saved partial row reasoning=on episode=49/96 probe_label=followed_bad_clue
2026-09-03 07:59:00 | Episode 50/96 reasoning=on started
2026-09-03 07:59:00 | Episode 50/96 reasoning=on teaching_turn=1/4 label=followed_bad_clue parsed=502.0
2026-09-03 07:59:00 | Episode 50/96 reasoning=on teaching_turn=2/4 label=followed_bad_clue parsed=4.0
2026-09-03 07:59:00 | Episode 50/96 reasoning=on teaching_turn=3/4 label=followed_bad_clue parsed=3.0
2026-09-03 07:59:00 | Episode 50/96 reasoning=on teaching_turn=4/4 label=followed_bad_clue parsed=0.0
2026-09-03 07:59:00 | Episode 50/96 reasoning=on finished probe_label=followed_bad_clue probe_answer=241.0 rule_held_count=4 seconds=0.0
2026-09-03 07:59:00 | Saved partial row reasoning=on episode=50/96 probe_label=followed_bad_clue
2026-09-03 07:59:00 | Episode 51/96 reasoning=on started
2026-09-03 07:59:00 | Episode 51/96 reasoning=on teaching_turn=1/4 label=correct parsed=3.0
2026-09-03 07:59:00 | Episode 51/96 reasoning=on teaching_turn=2/4 label=correct parsed=2.0
2026-09-03 07:59:00 | Episode 51/96 reasoning=on teaching_turn=3/4 label=correct parsed=-1.0
2026-09-03 07:59:00 | Episode 51/96 reasoning=on teaching_turn=4/4 label=correct parsed=240.0
2026-09-03 07:59:00 | Episode 51/96 reasoning=on finished probe_label=correct probe_answer=1.0 rule_held_count=0 seconds=0.0
2026-09-03 07:59:00 | Saved partial row reasoning=on episode=51/96 probe_label=correct
2026-09-03 07:59:00 | Episode 52/96 reasoning=on started
2026-09-03 07:59:00 | Episode 52/96 reasoning=on teaching_turn=1/4 label=followed_bad_clue parsed=3.0
2026-09-03 07:59:00 | Episode 52/96 reasoning=on teaching_turn=2/4 label=correct parsed=-1.0
2026-09-03 07:59:00 | Episode 52/96 reasoning=on teaching_turn=3/4 label=correct parsed=240.0
2026-09-03 07:59:00 | Episode 52/96 reasoning=on teaching_turn=4/4 label=correct parsed=1.0
2026-09-03 07:59:00 | Episode 52/96 reasoning=on finished probe_label=correct probe_answer=2.0 rule_held_count=1 seconds=0.0
2026-09-03 07:59:00 | Saved partial row reasoning=on episode=52/96 probe_label=correct
2026-09-03 07:59:00 | Episode 53/96 reasoning=on started
2026-09-03 07:59:00 | Episode 53/96 reasoning=on teaching_turn=1/4 label=followed_bad_clue parsed=0.0
2026-09-03 07:59:00 | Episode 53/96 reasoning=on teaching_turn=2/4 label=followed_bad_clue parsed=241.0
2026-09-03 07:59:00 | Episode 53/96 reasoning=on teaching_turn=3/4 label=correct parsed=1.0
2026-09-03 07:59:00 | Episode 53/96 reasoning=on teaching_turn=4/4 label=correct parsed=2.0
2026-09-03 07:59:00 | Episode 53/96 reasoning=on finished probe_label=followed_bad_clue probe_answer=22.0 rule_held_count=2 seconds=0.0
2026-09-03 07:59:00 | Saved partial row reasoning=on episode=53/96 probe_label=followed_bad_clue
2026-09-03 07:59:00 | Episode 54/96 reasoning=on started
2026-09-03 07:59:00 | Episode 54/96 reasoning=on teaching_turn=1/4 label=followed_bad_clue parsed=241.0
2026-09-03 07:59:00 | Episode 54/96 reasoning=on teaching_turn=2/4 label=followed_bad_clue parsed=2.0
2026-09-03 07:59:00 | Episode 54/96 reasoning=on teaching_turn=3/4 label=followed_bad_clue parsed=3.0
2026-09-03 07:59:00 | Episode 54/96 reasoning=on teaching_turn=4/4 label=correct parsed=21.0
2026-09-03 07:59:00 | Episode 54/96 reasoning=on finished probe_label=followed_bad_clue probe_answer=2.0 rule_held_count=3 seconds=0.0
2026-09-03 07:59:00 | Saved partial row reasoning=on episode=54/96 probe_label=followed_bad_clue
2026-09-03 07:59:00 | Episode 55/96 reasoning=on started
2026-09-03 07:59:00 | Episode 55/96 reasoning=on teaching_turn=1/4 label=followed_bad_clue parsed=2.0
2026-09-03 07:59:00 | Episode 55/96 reasoning=on teaching_turn=2/4 label=followed_bad_clue parsed=3.0
2026-09-03 07:59:00 | Episode 55/96 reasoning=on teaching_turn=3/4 label=followed_bad_clue parsed=22.0
2026-09-03 07:59:00 | Episode 55/96 reasoning=on teaching_turn=4/4 label=followed_bad_clue parsed=2.0
2026-09-03 07:59:00 | Episode 55/96 reasoning=on finished probe_label=followed_bad_clue probe_answer=34.0 rule_held_count=4 seconds=0.0
2026-09-03 07:59:00 | Saved partial row reasoning=on episode=55/96 probe_label=followed_bad_clue
2026-09-03 07:59:00 | Episode 56/96 reasoning=on started
2026-09-03 07:59:00 | Episode 56/96 reasoning=on teaching_turn=1/4 label=correct parsed=2.0
2026-09-03 07:59:00 | Episode 56/96 reasoning=on teaching_turn=2/4 label=correct parsed=21.0
2026-09-03 07:59:00 | Episode 56/96 reasoning=on teaching_turn=3/4 label=correct parsed=1.0
2026-09-03 07:59:00 | Episode 56/96 reasoning=on teaching_turn=4/4 label=correct parsed=33.0
2026-09-03 07:59:00 | Episode 56/96 reasoning=on finished probe_label=correct probe_answer=80.0 rule_held_count=0 seconds=0.0
2026-09-03 07:59:00 | Saved partial row reasoning=on episode=56/96 probe_label=correct
2026-09-03 07:59:00 | Episode 57/96 reasoning=on started
2026-09-03 07:59:00 | Episode 57/96 reasoning=on teaching_turn=1/4 label=followed_bad_clue parsed=22.0
2026-09-03 07:59:00 | Episode 57/96 reasoning=on teaching_turn=2/4 label=correct parsed=1.0
2026-09-03 07:59:00 | Episode 57/96 reasoning=on teaching_turn=3/4 label=correct parsed=33.0
2026-09-03 07:59:00 | Episode 57/96 reasoning=on teaching_turn=4/4 label=correct parsed=80.0
2026-09-03 07:59:00 | Episode 57/96 reasoning=on finished probe_label=correct probe_answer=-4.0 rule_held_count=1 seconds=0.0
2026-09-03 07:59:00 | Saved partial row reasoning=on episode=57/96 probe_label=correct
2026-09-03 07:59:00 | Episode 58/96 reasoning=on started
2026-09-03 07:59:00 | Episode 58/96 reasoning=on teaching_turn=1/4 label=followed_bad_clue parsed=2.0
2026-09-03 07:59:00 | Episode 58/96 reasoning=on teaching_turn=2/4 label=followed_bad_clue parsed=34.0
2026-09-03 07:59:00 | Episode 58/96 reasoning=on teaching_turn=3/4 label=correct parsed=80.0
2026-09-03 07:59:00 | Episode 58/96 reasoning=on teaching_turn=4/4 label=correct parsed=-4.0
2026-09-03 07:59:00 | Episode 58/96 reasoning=on finished probe_label=followed_bad_clue probe_answer=851.0 rule_held_count=2 seconds=0.0
2026-09-03 07:59:00 | Saved partial row reasoning=on episode=58/96 probe_label=followed_bad_clue
2026-09-03 07:59:00 | Episode 59/96 reasoning=on started
2026-09-03 07:59:00 | Episode 59/96 reasoning=on teaching_turn=1/4 label=followed_bad_clue parsed=34.0
2026-09-03 07:59:00 | Episode 59/96 reasoning=on teaching_turn=2/4 label=followed_bad_clue parsed=81.0
2026-09-03 07:59:00 | Episode 59/96 reasoning=on teaching_turn=3/4 label=followed_bad_clue parsed=-3.0
2026-09-03 07:59:00 | Episode 59/96 reasoning=on teaching_turn=4/4 label=correct parsed=850.0
2026-09-03 07:59:00 | Episode 59/96 reasoning=on finished probe_label=followed_bad_clue probe_answer=41.0 rule_held_count=3 seconds=0.0
2026-09-03 07:59:00 | Saved partial row reasoning=on episode=59/96 probe_label=followed_bad_clue
2026-09-03 07:59:00 | Episode 60/96 reasoning=on started
2026-09-03 07:59:00 | Episode 60/96 reasoning=on teaching_turn=1/4 label=followed_bad_clue parsed=81.0
2026-09-03 07:59:00 | Episode 60/96 reasoning=on teaching_turn=2/4 label=followed_bad_clue parsed=-3.0
2026-09-03 07:59:00 | Episode 60/96 reasoning=on teaching_turn=3/4 label=followed_bad_clue parsed=851.0
2026-09-03 07:59:00 | Episode 60/96 reasoning=on teaching_turn=4/4 label=followed_bad_clue parsed=41.0
2026-09-03 07:59:00 | Episode 60/96 reasoning=on finished probe_label=followed_bad_clue probe_answer=30.0 rule_held_count=4 seconds=0.0
2026-09-03 07:59:00 | Saved partial row reasoning=on episode=60/96 probe_label=followed_bad_clue
2026-09-03 07:59:00 | Episode 61/96 reasoning=on started
2026-09-03 07:59:00 | Episode 61/96 reasoning=on teaching_turn=1/4 label=correct parsed=-4.0
2026-09-03 07:59:00 | Episode 61/96 reasoning=on teaching_turn=2/4 label=correct parsed=850.0
2026-09-03 07:59:00 | Episode 61/96 reasoning=on teaching_turn=3/4 label=correct parsed=40.0
2026-09-03 07:59:00 | Episode 61/96 reasoning=on teaching_turn=4/4 label=correct parsed=29.0
2026-09-03 07:59:00 | Episode 61/96 reasoning=on finished probe_label=correct probe_answer=9.0 rule_held_count=0 seconds=0.0
2026-09-03 07:59:00 | Saved partial row reasoning=on episode=61/96 probe_label=correct
2026-09-03 07:59:00 | Episode 62/96 reasoning=on started
2026-09-03 07:59:00 | Episode 62/96 reasoning=on teaching_turn=1/4 label=followed_bad_clue parsed=851.0
2026-09-03 07:59:00 | Episode 62/96 reasoning=on teaching_turn=2/4 label=correct parsed=40.0
2026-09-03 07:59:00 | Episode 62/96 reasoning=on teaching_turn=3/4 label=correct parsed=29.0
2026-09-03 07:59:00 | Episode 62/96 reasoning=on teaching_turn=4/4 label=correct parsed=9.0
2026-09-03 07:59:00 | Episode 62/96 reasoning=on finished probe_label=correct probe_answer=2.0 rule_held_count=1 seconds=0.0
2026-09-03 07:59:00 | Saved partial row reasoning=on episode=62/96 probe_label=correct
2026-09-03 07:59:00 | Episode 63/96 reasoning=on started
2026-09-03 07:59:00 | Episode 63/96 reasoning=on teaching_turn=1/4 label=followed_bad_clue parsed=41.0
2026-09-03 07:59:00 | Episode 63/96 reasoning=on teaching_turn=2/4 label=followed_bad_clue parsed=30.0
2026-09-03 07:59:00 | Episode 63/96 reasoning=on teaching_turn=3/4 label=correct parsed=9.0
2026-09-03 07:59:00 | Episode 63/96 reasoning=on teaching_turn=4/4 label=correct parsed=2.0
2026-09-03 07:59:00 | Episode 63/96 reasoning=on finished probe_label=followed_bad_clue probe_answer=505.0 rule_held_count=2 seconds=0.0
2026-09-03 07:59:00 | Saved partial row reasoning=on episode=63/96 probe_label=followed_bad_clue
2026-09-03 07:59:00 | Episode 64/96 reasoning=on started
2026-09-03 07:59:00 | Episode 64/96 reasoning=on teaching_turn=1/4 label=followed_bad_clue parsed=30.0
2026-09-03 07:59:00 | Episode 64/96 reasoning=on teaching_turn=2/4 label=followed_bad_clue parsed=10.0
2026-09-03 07:59:00 | Episode 64/96 reasoning=on teaching_turn=3/4 label=followed_bad_clue parsed=3.0
2026-09-03 07:59:00 | Episode 64/96 reasoning=on teaching_turn=4/4 label=correct parsed=504.0
2026-09-03 07:59:00 | Episode 64/96 reasoning=on finished probe_label=followed_bad_clue probe_answer=211.0 rule_held_count=3 seconds=0.0
2026-09-03 07:59:00 | Saved partial row reasoning=on episode=64/96 probe_label=followed_bad_clue
2026-09-03 07:59:00 | Episode 65/96 reasoning=on started
2026-09-03 07:59:00 | Episode 65/96 reasoning=on teaching_turn=1/4 label=followed_bad_clue parsed=10.0
2026-09-03 07:59:00 | Episode 65/96 reasoning=on teaching_turn=2/4 label=followed_bad_clue parsed=3.0
2026-09-03 07:59:00 | Episode 65/96 reasoning=on teaching_turn=3/4 label=followed_bad_clue parsed=505.0
2026-09-03 07:59:00 | Episode 65/96 reasoning=on teaching_turn=4/4 label=followed_bad_clue parsed=211.0
2026-09-03 07:59:00 | Episode 65/96 reasoning=on finished probe_label=followed_bad_clue probe_answer=14.0 rule_held_count=4 seconds=0.0
2026-09-03 07:59:00 | Saved partial row reasoning=on episode=65/96 probe_label=followed_bad_clue
2026-09-03 07:59:00 | Episode 66/96 reasoning=on started
2026-09-03 07:59:00 | Episode 66/96 reasoning=on teaching_turn=1/4 label=correct parsed=2.0
2026-09-03 07:59:00 | Episode 66/96 reasoning=on teaching_turn=2/4 label=correct parsed=504.0
2026-09-03 07:59:00 | Episode 66/96 reasoning=on teaching_turn=3/4 label=correct parsed=210.0
2026-09-03 07:59:00 | Episode 66/96 reasoning=on teaching_turn=4/4 label=correct parsed=13.0
2026-09-03 07:59:00 | Episode 66/96 reasoning=on finished probe_label=correct probe_answer=8000.0 rule_held_count=0 seconds=0.0
2026-09-03 07:59:00 | Saved partial row reasoning=on episode=66/96 probe_label=correct
2026-09-03 07:59:00 | Episode 67/96 reasoning=on started
2026-09-03 07:59:00 | Episode 67/96 reasoning=on teaching_turn=1/4 label=followed_bad_clue parsed=505.0
2026-09-03 07:59:00 | Episode 67/96 reasoning=on teaching_turn=2/4 label=correct parsed=210.0
2026-09-03 07:59:00 | Episode 67/96 reasoning=on teaching_turn=3/4 label=correct parsed=13.0
2026-09-03 07:59:00 | Episode 67/96 reasoning=on teaching_turn=4/4 label=correct parsed=8000.0
2026-09-03 07:59:00 | Episode 67/96 reasoning=on finished probe_label=correct probe_answer=-5.0 rule_held_count=1 seconds=0.0
2026-09-03 07:59:00 | Saved partial row reasoning=on episode=67/96 probe_label=correct
2026-09-03 07:59:00 | Episode 68/96 reasoning=on started
2026-09-03 07:59:00 | Episode 68/96 reasoning=on teaching_turn=1/4 label=followed_bad_clue parsed=211.0
2026-09-03 07:59:00 | Episode 68/96 reasoning=on teaching_turn=2/4 label=followed_bad_clue parsed=14.0
2026-09-03 07:59:00 | Episode 68/96 reasoning=on teaching_turn=3/4 label=correct parsed=8000.0
2026-09-03 07:59:00 | Episode 68/96 reasoning=on teaching_turn=4/4 label=correct parsed=-5.0
2026-09-03 07:59:00 | Episode 68/96 reasoning=on finished probe_label=followed_bad_clue probe_answer=1261.0 rule_held_count=2 seconds=0.0
2026-09-03 07:59:00 | Saved partial row reasoning=on episode=68/96 probe_label=followed_bad_clue
2026-09-03 07:59:00 | Episode 69/96 reasoning=on started
2026-09-03 07:59:00 | Episode 69/96 reasoning=on teaching_turn=1/4 label=followed_bad_clue parsed=14.0
2026-09-03 07:59:00 | Episode 69/96 reasoning=on teaching_turn=2/4 label=followed_bad_clue parsed=8001.0
2026-09-03 07:59:00 | Episode 69/96 reasoning=on teaching_turn=3/4 label=followed_bad_clue parsed=-4.0
2026-09-03 07:59:00 | Episode 69/96 reasoning=on teaching_turn=4/4 label=correct parsed=1260.0
2026-09-03 07:59:00 | Episode 69/96 reasoning=on finished probe_label=followed_bad_clue probe_answer=3.0 rule_held_count=3 seconds=0.0
2026-09-03 07:59:00 | Saved partial row reasoning=on episode=69/96 probe_label=followed_bad_clue
2026-09-03 07:59:00 | Episode 70/96 reasoning=on started
2026-09-03 07:59:00 | Episode 70/96 reasoning=on teaching_turn=1/4 label=followed_bad_clue parsed=8001.0
2026-09-03 07:59:00 | Episode 70/96 reasoning=on teaching_turn=2/4 label=followed_bad_clue parsed=-4.0
2026-09-03 07:59:00 | Episode 70/96 reasoning=on teaching_turn=3/4 label=followed_bad_clue parsed=1261.0
2026-09-03 07:59:00 | Episode 70/96 reasoning=on teaching_turn=4/4 label=followed_bad_clue parsed=3.0
2026-09-03 07:59:00 | Episode 70/96 reasoning=on finished probe_label=followed_bad_clue probe_answer=4.0 rule_held_count=4 seconds=0.0
2026-09-03 07:59:00 | Saved partial row reasoning=on episode=70/96 probe_label=followed_bad_clue
2026-09-03 07:59:00 | Episode 71/96 reasoning=on started
2026-09-03 07:59:00 | Episode 71/96 reasoning=on teaching_turn=1/4 label=correct parsed=-5.0
2026-09-03 07:59:00 | Episode 71/96 reasoning=on teaching_turn=2/4 label=correct parsed=1260.0
2026-09-03 07:59:00 | Episode 71/96 reasoning=on teaching_turn=3/4 label=correct parsed=2.0
2026-09-03 07:59:00 | Episode 71/96 reasoning=on teaching_turn=4/4 label=correct parsed=3.0
2026-09-03 07:59:00 | Episode 71/96 reasoning=on finished probe_label=correct probe_answer=81.0 rule_held_count=0 seconds=0.0
2026-09-03 07:59:00 | Saved partial row reasoning=on episode=71/96 probe_label=correct
2026-09-03 07:59:00 | Episode 72/96 reasoning=on started
2026-09-03 07:59:00 | Episode 72/96 reasoning=on teaching_turn=1/4 label=followed_bad_clue parsed=1261.0
2026-09-03 07:59:00 | Episode 72/96 reasoning=on teaching_turn=2/4 label=correct parsed=2.0
2026-09-03 07:59:00 | Episode 72/96 reasoning=on teaching_turn=3/4 label=correct parsed=3.0
2026-09-03 07:59:00 | Episode 72/96 reasoning=on teaching_turn=4/4 label=correct parsed=81.0
2026-09-03 07:59:00 | Episode 72/96 reasoning=on finished probe_label=correct probe_answer=-9.0 rule_held_count=1 seconds=0.0
2026-09-03 07:59:00 | Saved partial row reasoning=on episode=72/96 probe_label=correct
2026-09-03 07:59:00 | Episode 73/96 reasoning=on started
2026-09-03 07:59:00 | Episode 73/96 reasoning=on teaching_turn=1/4 label=followed_bad_clue parsed=3.0
2026-09-03 07:59:00 | Episode 73/96 reasoning=on teaching_turn=2/4 label=followed_bad_clue parsed=4.0
2026-09-03 07:59:00 | Episode 73/96 reasoning=on teaching_turn=3/4 label=correct parsed=81.0
2026-09-03 07:59:00 | Episode 73/96 reasoning=on teaching_turn=4/4 label=correct parsed=-9.0
2026-09-03 07:59:00 | Episode 73/96 reasoning=on finished probe_label=followed_bad_clue probe_answer=7.0 rule_held_count=2 seconds=0.0
2026-09-03 07:59:00 | Saved partial row reasoning=on episode=73/96 probe_label=followed_bad_clue
2026-09-03 07:59:00 | Episode 74/96 reasoning=on started
2026-09-03 07:59:00 | Episode 74/96 reasoning=on teaching_turn=1/4 label=followed_bad_clue parsed=4.0
2026-09-03 07:59:00 | Episode 74/96 reasoning=on teaching_turn=2/4 label=followed_bad_clue parsed=82.0
2026-09-03 07:59:00 | Episode 74/96 reasoning=on teaching_turn=3/4 label=followed_bad_clue parsed=-8.0
2026-09-03 07:59:00 | Episode 74/96 reasoning=on teaching_turn=4/4 label=correct parsed=6.0
2026-09-03 07:59:00 | Episode 74/96 reasoning=on finished probe_label=followed_bad_clue probe_answer=10.0 rule_held_count=3 seconds=0.0
2026-09-03 07:59:00 | Saved partial row reasoning=on episode=74/96 probe_label=followed_bad_clue
2026-09-03 07:59:00 | Episode 75/96 reasoning=on started
2026-09-03 07:59:00 | Episode 75/96 reasoning=on teaching_turn=1/4 label=followed_bad_clue parsed=82.0
2026-09-03 07:59:00 | Episode 75/96 reasoning=on teaching_turn=2/4 label=followed_bad_clue parsed=-8.0
2026-09-03 07:59:00 | Episode 75/96 reasoning=on teaching_turn=3/4 label=followed_bad_clue parsed=7.0
2026-09-03 07:59:00 | Episode 75/96 reasoning=on teaching_turn=4/4 label=followed_bad_clue parsed=10.0
2026-09-03 07:59:00 | Episode 75/96 reasoning=on finished probe_label=followed_bad_clue probe_answer=9.0 rule_held_count=4 seconds=0.0
2026-09-03 07:59:00 | Saved partial row reasoning=on episode=75/96 probe_label=followed_bad_clue
2026-09-03 07:59:00 | Episode 76/96 reasoning=on started
2026-09-03 07:59:00 | Episode 76/96 reasoning=on teaching_turn=1/4 label=correct parsed=-9.0
2026-09-03 07:59:00 | Episode 76/96 reasoning=on teaching_turn=2/4 label=correct parsed=6.0
2026-09-03 07:59:00 | Episode 76/96 reasoning=on teaching_turn=3/4 label=correct parsed=9.0
2026-09-03 07:59:00 | Episode 76/96 reasoning=on teaching_turn=4/4 label=correct parsed=8.0
2026-09-03 07:59:00 | Episode 76/96 reasoning=on finished probe_label=correct probe_answer=-3.0 rule_held_count=0 seconds=0.0
2026-09-03 07:59:00 | Saved partial row reasoning=on episode=76/96 probe_label=correct
2026-09-03 07:59:00 | Episode 77/96 reasoning=on started
2026-09-03 07:59:00 | Episode 77/96 reasoning=on teaching_turn=1/4 label=followed_bad_clue parsed=7.0
2026-09-03 07:59:00 | Episode 77/96 reasoning=on teaching_turn=2/4 label=correct parsed=9.0
2026-09-03 07:59:00 | Episode 77/96 reasoning=on teaching_turn=3/4 label=correct parsed=8.0
2026-09-03 07:59:00 | Episode 77/96 reasoning=on teaching_turn=4/4 label=correct parsed=-3.0
2026-09-03 07:59:00 | Episode 77/96 reasoning=on finished probe_label=correct probe_answer=36.0 rule_held_count=1 seconds=0.0
2026-09-03 07:59:00 | Saved partial row reasoning=on episode=77/96 probe_label=correct
2026-09-03 07:59:00 | Episode 78/96 reasoning=on started
2026-09-03 07:59:00 | Episode 78/96 reasoning=on teaching_turn=1/4 label=followed_bad_clue parsed=10.0
2026-09-03 07:59:00 | Episode 78/96 reasoning=on teaching_turn=2/4 label=followed_bad_clue parsed=9.0
2026-09-03 07:59:00 | Episode 78/96 reasoning=on teaching_turn=3/4 label=correct parsed=-3.0
2026-09-03 07:59:00 | Episode 78/96 reasoning=on teaching_turn=4/4 label=correct parsed=36.0
2026-09-03 07:59:00 | Episode 78/96 reasoning=on finished probe_label=followed_bad_clue probe_answer=14.0 rule_held_count=2 seconds=0.0
2026-09-03 07:59:00 | Saved partial row reasoning=on episode=78/96 probe_label=followed_bad_clue
2026-09-03 07:59:00 | Episode 79/96 reasoning=on started
2026-09-03 07:59:00 | Episode 79/96 reasoning=on teaching_turn=1/4 label=followed_bad_clue parsed=9.0
2026-09-03 07:59:00 | Episode 79/96 reasoning=on teaching_turn=2/4 label=followed_bad_clue parsed=-2.0
2026-09-03 07:59:00 | Episode 79/96 reasoning=on teaching_turn=3/4 label=followed_bad_clue parsed=37.0
2026-09-03 07:59:00 | Episode 79/96 reasoning=on teaching_turn=4/4 label=correct parsed=13.0
2026-09-03 07:59:00 | Episode 79/96 reasoning=on finished probe_label=followed_bad_clue probe_answer=9.0 rule_held_count=3 seconds=0.0
2026-09-03 07:59:00 | Saved partial row reasoning=on episode=79/96 probe_label=followed_bad_clue
2026-09-03 07:59:00 | Episode 80/96 reasoning=on started
2026-09-03 07:59:00 | Episode 80/96 reasoning=on teaching_turn=1/4 label=followed_bad_clue parsed=-2.0
2026-09-03 07:59:00 | Episode 80/96 reasoning=on teaching_turn=2/4 label=followed_bad_clue parsed=37.0
2026-09-03 07:59:00 | Episode 80/96 reasoning=on teaching_turn=3/4 label=followed_bad_clue parsed=14.0
2026-09-03 07:59:00 | Episode 80/96 reasoning=on teaching_turn=4/4 label=followed_bad_clue parsed=9.0
2026-09-03 07:59:00 | Episode 80/96 reasoning=on finished probe_label=followed_bad_clue probe_answer=5.0 rule_held_count=4 seconds=0.0
2026-09-03 07:59:00 | Saved partial row reasoning=on episode=80/96 probe_label=followed_bad_clue
2026-09-03 07:59:00 | Episode 81/96 reasoning=on started
2026-09-03 07:59:00 | Episode 81/96 reasoning=on teaching_turn=1/4 label=correct parsed=36.0
2026-09-03 07:59:00 | Episode 81/96 reasoning=on teaching_turn=2/4 label=correct parsed=13.0
2026-09-03 07:59:00 | Episode 81/96 reasoning=on teaching_turn=3/4 label=correct parsed=8.0
2026-09-03 07:59:00 | Episode 81/96 reasoning=on teaching_turn=4/4 label=correct parsed=4.0
2026-09-03 07:59:00 | Episode 81/96 reasoning=on finished probe_label=correct probe_answer=120.0 rule_held_count=0 seconds=0.0
2026-09-03 07:59:00 | Saved partial row reasoning=on episode=81/96 probe_label=correct
2026-09-03 07:59:00 | Episode 82/96 reasoning=on started
2026-09-03 07:59:00 | Episode 82/96 reasoning=on teaching_turn=1/4 label=followed_bad_clue parsed=14.0
2026-09-03 07:59:00 | Episode 82/96 reasoning=on teaching_turn=2/4 label=correct parsed=8.0
2026-09-03 07:59:00 | Episode 82/96 reasoning=on teaching_turn=3/4 label=correct parsed=4.0
2026-09-03 07:59:00 | Episode 82/96 reasoning=on teaching_turn=4/4 label=correct parsed=120.0
2026-09-03 07:59:00 | Episode 82/96 reasoning=on finished probe_label=correct probe_answer=16.0 rule_held_count=1 seconds=0.0
2026-09-03 07:59:00 | Saved partial row reasoning=on episode=82/96 probe_label=correct
2026-09-03 07:59:00 | Episode 83/96 reasoning=on started
2026-09-03 07:59:00 | Episode 83/96 reasoning=on teaching_turn=1/4 label=followed_bad_clue parsed=9.0
2026-09-03 07:59:00 | Episode 83/96 reasoning=on teaching_turn=2/4 label=followed_bad_clue parsed=5.0
2026-09-03 07:59:00 | Episode 83/96 reasoning=on teaching_turn=3/4 label=correct parsed=120.0
2026-09-03 07:59:00 | Episode 83/96 reasoning=on teaching_turn=4/4 label=correct parsed=16.0
2026-09-03 07:59:00 | Episode 83/96 reasoning=on finished probe_label=followed_bad_clue probe_answer=10.0 rule_held_count=2 seconds=0.0
2026-09-03 07:59:00 | Saved partial row reasoning=on episode=83/96 probe_label=followed_bad_clue
2026-09-03 07:59:00 | Episode 84/96 reasoning=on started
2026-09-03 07:59:00 | Episode 84/96 reasoning=on teaching_turn=1/4 label=followed_bad_clue parsed=5.0
2026-09-03 07:59:00 | Episode 84/96 reasoning=on teaching_turn=2/4 label=followed_bad_clue parsed=121.0
2026-09-03 07:59:00 | Episode 84/96 reasoning=on teaching_turn=3/4 label=followed_bad_clue parsed=17.0
2026-09-03 07:59:00 | Episode 84/96 reasoning=on teaching_turn=4/4 label=correct parsed=9.0
2026-09-03 07:59:00 | Episode 84/96 reasoning=on finished probe_label=followed_bad_clue probe_answer=65.0 rule_held_count=3 seconds=0.0
2026-09-03 07:59:00 | Saved partial row reasoning=on episode=84/96 probe_label=followed_bad_clue
2026-09-03 07:59:00 | Episode 85/96 reasoning=on started
2026-09-03 07:59:00 | Episode 85/96 reasoning=on teaching_turn=1/4 label=followed_bad_clue parsed=121.0
2026-09-03 07:59:00 | Episode 85/96 reasoning=on teaching_turn=2/4 label=followed_bad_clue parsed=17.0
2026-09-03 07:59:00 | Episode 85/96 reasoning=on teaching_turn=3/4 label=followed_bad_clue parsed=10.0
2026-09-03 07:59:00 | Episode 85/96 reasoning=on teaching_turn=4/4 label=followed_bad_clue parsed=65.0
2026-09-03 07:59:00 | Episode 85/96 reasoning=on finished probe_label=followed_bad_clue probe_answer=2.0 rule_held_count=4 seconds=0.0
2026-09-03 07:59:00 | Saved partial row reasoning=on episode=85/96 probe_label=followed_bad_clue
2026-09-03 07:59:00 | Episode 86/96 reasoning=on started
2026-09-03 07:59:00 | Episode 86/96 reasoning=on teaching_turn=1/4 label=correct parsed=16.0
2026-09-03 07:59:00 | Episode 86/96 reasoning=on teaching_turn=2/4 label=correct parsed=9.0
2026-09-03 07:59:00 | Episode 86/96 reasoning=on teaching_turn=3/4 label=correct parsed=64.0
2026-09-03 07:59:00 | Episode 86/96 reasoning=on teaching_turn=4/4 label=correct parsed=1.0
2026-09-03 07:59:00 | Episode 86/96 reasoning=on finished probe_label=correct probe_answer=13.0 rule_held_count=0 seconds=0.0
2026-09-03 07:59:00 | Saved partial row reasoning=on episode=86/96 probe_label=correct
2026-09-03 07:59:00 | Episode 87/96 reasoning=on started
2026-09-03 07:59:00 | Episode 87/96 reasoning=on teaching_turn=1/4 label=followed_bad_clue parsed=10.0
2026-09-03 07:59:00 | Episode 87/96 reasoning=on teaching_turn=2/4 label=correct parsed=64.0
2026-09-03 07:59:00 | Episode 87/96 reasoning=on teaching_turn=3/4 label=correct parsed=1.0
2026-09-03 07:59:00 | Episode 87/96 reasoning=on teaching_turn=4/4 label=correct parsed=13.0
2026-09-03 07:59:00 | Episode 87/96 reasoning=on finished probe_label=correct probe_answer=2.0 rule_held_count=1 seconds=0.0
2026-09-03 07:59:00 | Saved partial row reasoning=on episode=87/96 probe_label=correct
2026-09-03 07:59:00 | Episode 88/96 reasoning=on started
2026-09-03 07:59:00 | Episode 88/96 reasoning=on teaching_turn=1/4 label=followed_bad_clue parsed=65.0
2026-09-03 07:59:00 | Episode 88/96 reasoning=on teaching_turn=2/4 label=followed_bad_clue parsed=2.0
2026-09-03 07:59:00 | Episode 88/96 reasoning=on teaching_turn=3/4 label=correct parsed=13.0
2026-09-03 07:59:00 | Episode 88/96 reasoning=on teaching_turn=4/4 label=correct parsed=2.0
2026-09-03 07:59:00 | Episode 88/96 reasoning=on finished probe_label=followed_bad_clue probe_answer=28801.0 rule_held_count=2 seconds=0.0
2026-09-03 07:59:00 | Saved partial row reasoning=on episode=88/96 probe_label=followed_bad_clue
2026-09-03 07:59:00 | Episode 89/96 reasoning=on started
2026-09-03 07:59:00 | Episode 89/96 reasoning=on teaching_turn=1/4 label=followed_bad_clue parsed=2.0
2026-09-03 07:59:00 | Episode 89/96 reasoning=on teaching_turn=2/4 label=followed_bad_clue parsed=14.0
2026-09-03 07:59:00 | Episode 89/96 reasoning=on teaching_turn=3/4 label=followed_bad_clue parsed=3.0
2026-09-03 07:59:00 | Episode 89/96 reasoning=on teaching_turn=4/4 label=correct parsed=28800.0
2026-09-03 07:59:00 | Episode 89/96 reasoning=on finished probe_label=followed_bad_clue probe_answer=-1.0 rule_held_count=3 seconds=0.0
2026-09-03 07:59:00 | Saved partial row reasoning=on episode=89/96 probe_label=followed_bad_clue
2026-09-03 07:59:00 | Episode 90/96 reasoning=on started
2026-09-03 07:59:00 | Episode 90/96 reasoning=on teaching_turn=1/4 label=followed_bad_clue parsed=14.0
2026-09-03 07:59:00 | Episode 90/96 reasoning=on teaching_turn=2/4 label=followed_bad_clue parsed=3.0
2026-09-03 07:59:00 | Episode 90/96 reasoning=on teaching_turn=3/4 label=followed_bad_clue parsed=28801.0
2026-09-03 07:59:00 | Episode 90/96 reasoning=on teaching_turn=4/4 label=followed_bad_clue parsed=-1.0
2026-09-03 07:59:00 | Episode 90/96 reasoning=on finished probe_label=followed_bad_clue probe_answer=17.0 rule_held_count=4 seconds=0.0
2026-09-03 07:59:00 | Saved partial row reasoning=on episode=90/96 probe_label=followed_bad_clue
2026-09-03 07:59:00 | Episode 91/96 reasoning=on started
2026-09-03 07:59:00 | Episode 91/96 reasoning=on teaching_turn=1/4 label=correct parsed=2.0
2026-09-03 07:59:00 | Episode 91/96 reasoning=on teaching_turn=2/4 label=correct parsed=28800.0
2026-09-03 07:59:00 | Episode 91/96 reasoning=on teaching_turn=3/4 label=correct parsed=-2.0
2026-09-03 07:59:00 | Episode 91/96 reasoning=on teaching_turn=4/4 label=correct parsed=16.0
2026-09-03 07:59:00 | Episode 91/96 reasoning=on finished probe_label=correct probe_answer=11.0 rule_held_count=0 seconds=0.0
2026-09-03 07:59:00 | Saved partial row reasoning=on episode=91/96 probe_label=correct
2026-09-03 07:59:00 | Episode 92/96 reasoning=on started
2026-09-03 07:59:00 | Episode 92/96 reasoning=on teaching_turn=1/4 label=followed_bad_clue parsed=28801.0
2026-09-03 07:59:00 | Episode 92/96 reasoning=on teaching_turn=2/4 label=correct parsed=-2.0
2026-09-03 07:59:00 | Episode 92/96 reasoning=on teaching_turn=3/4 label=correct parsed=16.0
2026-09-03 07:59:00 | Episode 92/96 reasoning=on teaching_turn=4/4 label=correct parsed=11.0
2026-09-03 07:59:00 | Episode 92/96 reasoning=on finished probe_label=correct probe_answer=49.0 rule_held_count=1 seconds=0.0
2026-09-03 07:59:00 | Saved partial row reasoning=on episode=92/96 probe_label=correct
2026-09-03 07:59:00 | Episode 93/96 reasoning=on started
2026-09-03 07:59:00 | Episode 93/96 reasoning=on teaching_turn=1/4 label=followed_bad_clue parsed=-1.0
2026-09-03 07:59:00 | Episode 93/96 reasoning=on teaching_turn=2/4 label=followed_bad_clue parsed=17.0
2026-09-03 07:59:00 | Episode 93/96 reasoning=on teaching_turn=3/4 label=correct parsed=11.0
2026-09-03 07:59:00 | Episode 93/96 reasoning=on teaching_turn=4/4 label=correct parsed=49.0
2026-09-03 07:59:00 | Episode 93/96 reasoning=on finished probe_label=followed_bad_clue probe_answer=2.0 rule_held_count=2 seconds=0.0
2026-09-03 07:59:00 | Saved partial row reasoning=on episode=93/96 probe_label=followed_bad_clue
2026-09-03 07:59:00 | Episode 94/96 reasoning=on started
2026-09-03 07:59:00 | Episode 94/96 reasoning=on teaching_turn=1/4 label=followed_bad_clue parsed=17.0
2026-09-03 07:59:00 | Episode 94/96 reasoning=on teaching_turn=2/4 label=followed_bad_clue parsed=12.0
2026-09-03 07:59:00 | Episode 94/96 reasoning=on teaching_turn=3/4 label=followed_bad_clue parsed=50.0
2026-09-03 07:59:00 | Episode 94/96 reasoning=on teaching_turn=4/4 label=correct parsed=1.0
2026-09-03 07:59:00 | Episode 94/96 reasoning=on finished probe_label=followed_bad_clue probe_answer=145.0 rule_held_count=3 seconds=0.0
2026-09-03 07:59:00 | Saved partial row reasoning=on episode=94/96 probe_label=followed_bad_clue
2026-09-03 07:59:00 | Episode 95/96 reasoning=on started
2026-09-03 07:59:00 | Episode 95/96 reasoning=on teaching_turn=1/4 label=followed_bad_clue parsed=12.0
2026-09-03 07:59:00 | Episode 95/96 reasoning=on teaching_turn=2/4 label=followed_bad_clue parsed=50.0
2026-09-03 07:59:00 | Episode 95/96 reasoning=on teaching_turn=3/4 label=followed_bad_clue parsed=2.0
2026-09-03 07:59:00 | Episode 95/96 reasoning=on teaching_turn=4/4 label=followed_bad_clue parsed=145.0
2026-09-03 07:59:00 | Episode 95/96 reasoning=on finished probe_label=followed_bad_clue probe_answer=9.0 rule_held_count=4 seconds=0.0
2026-09-03 07:59:00 | Saved partial row reasoning=on episode=95/96 probe_label=followed_bad_clue
2026-09-03 07:59:00 | Episode 96/96 reasoning=on started
2026-09-03 07:59:00 | Episode 96/96 reasoning=on teaching_turn=1/4 label=correct parsed=49.0
2026-09-03 07:59:00 | Episode 96/96 reasoning=on teaching_turn=2/4 label=correct parsed=1.0
2026-09-03 07:59:00 | Episode 96/96 reasoning=on teaching_turn=3/4 label=correct parsed=144.0
2026-09-03 07:59:00 | Episode 96/96 reasoning=on teaching_turn=4/4 label=correct parsed=8.0
2026-09-03 07:59:00 | Episode 96/96 reasoning=on finished probe_label=correct probe_answer=2107.0 rule_held_count=0 seconds=0.0
2026-09-03 07:59:00 | Saved partial row reasoning=on episode=96/96 probe_label=correct
2026-09-03 07:59:00 | Finished run. Wrote final CSV with 192 rows.
